arduinojson,c++,json_fuzzer
arduinojson,c++,msgpack_fuzzer
arrow,c++,arrow-ipc-tensor-stream-fuzz
arrow,c++,arrow-ipc-generate-tensor-fuzz-corpus
arrow,c++,arrow-ipc-stream-fuzz
arrow,c++,parquet-arrow-generate-fuzz-corpus
arrow,c++,parquet-arrow-fuzz
arrow,c++,arrow-ipc-file-fuzz
arrow,c++,arrow-ipc-generate-fuzz-corpus
aspell,c++,aspell_fuzzer
avahi,c++,fuzz-ini-file-parser
avahi,c++,fuzz-consume-key
avahi,c++,fuzz-domain
avahi,c++,fuzz-strlst
avahi,c++,fuzz-packet
avahi,c++,fuzz-consume-record
bignum-fuzzer,c++,fuzzer_openssl_libgmp_num_len_1200_all_operations_num_loops_1
bignum-fuzzer,c++,fuzzer_openssl_go_no_negative_num_len_1200_all_operations
bignum-fuzzer,c++,fuzzer_boringssl_libmpdec_num_len_100_all_operations_num_loops_1
bignum-fuzzer,c++,fuzzer_boringssl_mbedtls_num_len_100_all_operations_num_loops_1
bignum-fuzzer,c++,fuzzer_openssl_cpp_boost_num_len_1200_all_operations_num_loops_1
bind9,c,dns_message_checksig_fuzzer
bind9,c,dns_rdata_fromwire_text_fuzzer
bind9,c,dns_qp_fuzzer
bind9,c,dns_rdata_fromtext_fuzzer
bind9,c,dns_qpkey_name_fuzzer
bind9,c,dns_name_fromtext_target_fuzzer
bind9,c,dns_master_load_fuzzer
bind9,c,dns_message_parse_fuzzer
bind9,c,isc_lex_gettoken_fuzzer
bind9,c,isc_lex_getmastertoken_fuzzer
bind9,c,dns_name_fromwire_fuzzer
binutils,c++,fuzz_readelf
binutils,c++,fuzz_readelf_elf32_csky
binutils,c++,fuzz_disas_ext-bfd_arch_csky
binutils,c++,fuzz_readelf_elf64_mmix
binutils,c++,fuzz_disas_ext-bfd_arch_arc
binutils,c++,fuzz_disassemble
binutils,c++,fuzz_disas_ext-bfd_arch_mep
binutils,c++,fuzz_as
binutils,c++,fuzz_windres
binutils,c++,fuzz_readelf_elf32_littlearm
binutils,c++,fuzz_disas_ext-bfd_arch_arm
binutils,c++,fuzz_readelf_pef
binutils,c++,fuzz_ranlib_simulation
binutils,c++,fuzz_objdump
binutils,c++,fuzz_dlltool
binutils,c++,fuzz_bfd_ext
binutils,c++,fuzz_objdump_safe
binutils,c++,fuzz_strings
binutils,c++,fuzz_addr2line
binutils,c++,fuzz_disas_ext-bfd_arch_mips
binutils,c++,fuzz_bfd
binutils,c++,fuzz_dwarf
binutils,c++,fuzz_readelf_elf32_bigarm
binutils,c++,fuzz_objcopy
binutils,c++,fuzz_disas_ext-bfd_arch_i386
binutils,c++,fuzz_nm
bitcoin-core,c++,autofile
bitcoin-core,c++,utxo_total_supply
bitcoin-core,c++,pub_key_deserialize
bitcoin-core,c++,descriptor_parse
bitcoin-core,c++,local_address
bitcoin-core,c++,script
bitcoin-core,c++,psbt
bitcoin-core,c++,merkleblock
bitcoin-core,c++,secp256k1_ecdsa_signature_parse_der_lax
bitcoin-core,c++,script_parsing
bitcoin-core,c++,coinscache_sim
bitcoin-core,c++,checkqueue
bitcoin-core,c++,script_sign
bitcoin-core,c++,pool_resource
bitcoin-core,c++,flat_file_pos_deserialize
bitcoin-core,c++,coincontrol
bitcoin-core,c++,blockheader_deserialize
bitcoin-core,c++,socks5
bitcoin-core,c++,multiplication_overflow
bitcoin-core,c++,bip324_cipher_roundtrip
bitcoin-core,c++,asmap_direct
bitcoin-core,c++,p2p_transport_bidirectional_v1v2
bitcoin-core,c++,coinselection
bitcoin-core,c++,miniscript_string
bitcoin-core,c++,rpc
bitcoin-core,c++,crypter
bitcoin-core,c++,primitives_transaction
bitcoin-core,c++,uint256_deserialize
bitcoin-core,c++,pow
bitcoin-core,c++,txundo_deserialize
bitcoin-core,c++,cryptofuzz-bitcoin-cryptography-w2-p2
bitcoin-core,c++,merkle_block_deserialize
bitcoin-core,c++,span
bitcoin-core,c++,key
bitcoin-core,c++,script_ops
bitcoin-core,c++,string
bitcoin-core,c++,ellswift_roundtrip
bitcoin-core,c++,fee_rate_deserialize
bitcoin-core,c++,bitset
bitcoin-core,c++,txoutcompressor_deserialize
bitcoin-core,c++,coin_grinder
bitcoin-core,c++,parse_iso8601
bitcoin-core,c++,signature_checker
bitcoin-core,c++,addrman
bitcoin-core,c++,message
bitcoin-core,c++,psbt_input_deserialize
bitcoin-core,c++,str_printf
bitcoin-core,c++,tx_out
bitcoin-core,c++,bloomfilter_deserialize
bitcoin-core,c++,p2p_transport_bidirectional
bitcoin-core,c++,parse_numbers
bitcoin-core,c++,block_filter_deserialize
bitcoin-core,c++,process_message
bitcoin-core,c++,pow_transition
bitcoin-core,c++,crypto_aeadchacha20poly1305
bitcoin-core,c++,policy_estimator
bitcoin-core,c++,clusterlin_search_finder
bitcoin-core,c++,cryptofuzz-bitcoin-cryptography-w15-p4
bitcoin-core,c++,feefrac
bitcoin-core,c++,block_header_and_short_txids_deserialize
bitcoin-core,c++,net_permissions
bitcoin-core,c++,muhash
bitcoin-core,c++,versionbits
bitcoin-core,c++,partial_merkle_tree_deserialize
bitcoin-core,c++,p2p_transport_bidirectional_v2
bitcoin-core,c++,scriptnum_ops
bitcoin-core,c++,signet
bitcoin-core,c++,block_file_info_deserialize
bitcoin-core,c++,uint160_deserialize
bitcoin-core,c++,crypto_aes256
bitcoin-core,c++,prevector
bitcoin-core,c++,coin_grinder_is_optimal
bitcoin-core,c++,scriptpubkeyman
bitcoin-core,c++,tx_pool_standard
bitcoin-core,c++,crypto_hkdf_hmac_sha256_l32
bitcoin-core,c++,blockfilter
bitcoin-core,c++,tx_package_eval
bitcoin-core,c++,key_origin_info_deserialize
bitcoin-core,c++,fees
bitcoin-core,c++,parse_hd_keypath
bitcoin-core,c++,protocol
bitcoin-core,c++,cuckoocache
bitcoin-core,c++,script_sigcache
bitcoin-core,c++,out_point_deserialize
bitcoin-core,c++,clusterlin_add_dependency
bitcoin-core,c++,policy_estimator_io
bitcoin-core,c++,blocktransactions_deserialize
bitcoin-core,c++,node_eviction
bitcoin-core,c++,script_deserialize
bitcoin-core,c++,blocklocator_deserialize
bitcoin-core,c++,bitdeque
bitcoin-core,c++,http_request
bitcoin-core,c++,parse_univalue
bitcoin-core,c++,crypto_diff_fuzz_chacha20
bitcoin-core,c++,wallet_bdb_parser
bitcoin-core,c++,addition_overflow
bitcoin-core,c++,base_encode_decode
bitcoin-core,c++,wallet_fees
bitcoin-core,c++,hex
bitcoin-core,c++,crypto_chacha20
bitcoin-core,c++,buffered_file
bitcoin-core,c++,txorphan
bitcoin-core,c++,transaction
bitcoin-core,c++,tx_pool
bitcoin-core,c++,headers_sync_state
bitcoin-core,c++,data_stream_addr_man
bitcoin-core,c++,coins_view
bitcoin-core,c++,miniscript_smart
bitcoin-core,c++,mini_miner_selection
bitcoin-core,c++,clusterlin_depgraph_serialization
bitcoin-core,c++,messageheader_deserialize
bitcoin-core,c++,cryptofuzz-bitcoin-cryptography-w20-p8
bitcoin-core,c++,chacha20_split_keystream
bitcoin-core,c++,locale
bitcoin-core,c++,chacha20_split_crypt
bitcoin-core,c++,clusterlin_chunking
bitcoin-core,c++,build_and_compare_feerate_diagram
bitcoin-core,c++,kitchen_sink
bitcoin-core,c++,snapshotmetadata_deserialize
bitcoin-core,c++,crypto
bitcoin-core,c++,mocked_descriptor_parse
bitcoin-core,c++,secp256k1_ec_seckey_import_export_der
bitcoin-core,c++,blockmerkleroot
bitcoin-core,c++,script_flags
bitcoin-core,c++,parse_script
bitcoin-core,c++,wallet_notifications
bitcoin-core,c++,clusterlin_cluster_serialization
bitcoin-core,c++,rolling_bloom_filter
bitcoin-core,c++,prefilled_transaction_deserialize
bitcoin-core,c++,clusterlin_linearize
bitcoin-core,c++,package_rbf
bitcoin-core,c++,process_messages
bitcoin-core,c++,script_descriptor_cache
bitcoin-core,c++,crypto_fschacha20poly1305
bitcoin-core,c++,system
bitcoin-core,c++,torcontrol
bitcoin-core,c++,banman
bitcoin-core,c++,miniscript_script
bitcoin-core,c++,block
bitcoin-core,c++,address_deserialize
bitcoin-core,c++,inv_deserialize
bitcoin-core,c++,script_interpreter
bitcoin-core,c++,netaddress
bitcoin-core,c++,clusterlin_ancestor_finder
bitcoin-core,c++,block_deserialize
bitcoin-core,c++,partially_downloaded_block
bitcoin-core,c++,psbt_output_deserialize
bitcoin-core,c++,txrequest
bitcoin-core,c++,service_deserialize
bitcoin-core,c++,net
bitcoin-core,c++,crypto_poly1305
bitcoin-core,c++,partially_signed_transaction_deserialize
bitcoin-core,c++,crypto_aes256cbc
bitcoin-core,c++,decode_tx
bitcoin-core,c++,coins_deserialize
bitcoin-core,c++,addrman_serdeser
bitcoin-core,c++,mini_miner
bitcoin-core,c++,load_external_block_file
bitcoin-core,c++,bloom_filter
bitcoin-core,c++,key_io
bitcoin-core,c++,crypto_poly1305_split
bitcoin-core,c++,block_header
bitcoin-core,c++,fee_rate
bitcoin-core,c++,diskblockindex_deserialize
bitcoin-core,c++,chain
bitcoin-core,c++,validation_load_mempool
bitcoin-core,c++,blocktransactionsrequest_deserialize
bitcoin-core,c++,p2p_transport_serialization
bitcoin-core,c++,tx_in_deserialize
bitcoin-core,c++,clusterlin_linearization_chunking
bitcoin-core,c++,blockundo_deserialize
bitcoin-core,c++,script_format
bitcoin-core,c++,utxo_snapshot
bitcoin-core,c++,eval_script
bitcoin-core,c++,bip324_ecdh
bitcoin-core,c++,bech32
bitcoin-core,c++,golomb_rice
bitcoin-core,c++,vecdeque
bitcoin-core,c++,connman
bitcoin-core,c++,integer
bitcoin-core,c++,minisketch
bitcoin-core,c++,miniscript_stable
bitcoin-core,c++,flatfile
bitcoin-core,c++,random
bitcoin-core,c++,i2p
bitcoin-core,c++,crypto_common
bitcoin-core,c++,rbf
bitcoin-core,c++,netbase_dns_lookup
bitcoin-core,c++,timeoffsets
bitcoin-core,c++,addr_info_deserialize
bitcoin-core,c++,float
bitcoin-core,c++,asmap
bitcoin-core,c++,netaddr_deserialize
bitcoin-core,c++,crypto_fschacha20
bitcoin-core,c++,tx_in
bloaty,c++,fuzz_target
boringssl,c++,ocsp_parse_ocsp_response_fuzzer
boringssl,c++,decode_client_hello_inner
boringssl,c++,crl_parse_issuing_distribution_point_fuzzer
boringssl,c++,pkcs8
boringssl,c++,cert
boringssl,c++,conf
boringssl,c++,verify_name_match_fuzzer
boringssl,c++,der_roundtrip
boringssl,c++,session
boringssl,c++,ssl_ctx_api
boringssl,c++,client
boringssl,c++,parse_crldp_fuzzer
boringssl,c++,ocsp_parse_ocsp_single_response_fuzzer
boringssl,c++,server
boringssl,c++,arm_cpuinfo
boringssl,c++,pkcs8_lpm
boringssl,c++,pkcs12
boringssl,c++,certs_lpm
boringssl,c++,pkcs12_lpm
boringssl,c++,ocsp_parse_ocsp_cert_id_fuzzer
boringssl,c++,ocsp_parse_ocsp_response_data_fuzzer
boringssl,c++,privkey
boringssl,c++,verify_name_match_verifynameinsubtree_fuzzer
boringssl,c++,parse_certificate_fuzzer
boringssl,c++,dtls_server
boringssl,c++,crl_parse_crl_tbscertlist_fuzzer
boringssl,c++,dtls_client
boringssl,c++,crl_parse_crl_certificatelist_fuzzer
boringssl,c++,verify_name_match_normalizename_fuzzer
boringssl,c++,spki
boringssl,c++,crl_getcrlstatusforcert_fuzzer
boringssl,c++,read_pem
boringssl,c++,bn_mod_exp
boringssl,c++,bn_div
boringssl,c++,parse_authority_key_identifier_fuzzer
brotli,c++,decode_fuzzer
brpc,c++,fuzz_butil
brpc,c++,fuzz_shead
brpc,c++,fuzz_sofa
brpc,c++,fuzz_esp
brpc,c++,fuzz_hulu
brpc,c++,fuzz_http
brpc,c++,fuzz_hpack
brpc,c++,fuzz_json
brpc,c++,fuzz_redis
brpc,c++,fuzz_uri
cairo,c,text_glyphs_fuzzer
cairo,c,pdf_surface_fuzzer
cairo,c,raster_fuzzer
cairo,c,surface_write_png_fuzzer
cairo,c,svg-render-fuzzer
c-ares,c++,ares_create_query_fuzzer
c-ares,c++,ares_parse_reply_fuzzer
c-blosc,c++,decompress_fuzzer
c-blosc,c++,compress_fuzzer
c-blosc2,c++,compress_frame_fuzzer
c-blosc2,c++,decompress_chunk_fuzzer
c-blosc2,c++,decompress_frame_fuzzer
c-blosc2,c++,compress_chunk_fuzzer
cgif,c,cgif_fuzzer
cifuzz-example,c++,do_stuff_fuzzer
circl,c++,cryptofuzz
cjson,c++,cjson_read_fuzzer
clamav,c++,clamav_dbload_IDB_fuzzer
clamav,c++,clamav_dbload_HSB_fuzzer
clamav,c++,clamav_scanmap_SWF_fuzzer
clamav,c++,clamav_scanmap_HWP3_fuzzer
clamav,c++,clamav_dbload_FTM_fuzzer
clamav,c++,clamav_scanfile_PDF_fuzzer
clamav,c++,clamav_scanfile_ELF_fuzzer
clamav,c++,clamav_scanmap_OLE2_fuzzer
clamav,c++,clamav_dbload_IGN2_fuzzer
clamav,c++,clamav_scanfile_HTML_fuzzer
clamav,c++,clamav_scanfile_fuzzer
clamav,c++,clamav_scanmap_fuzzer
clamav,c++,clamav_scanfile_SWF_fuzzer
clamav,c++,clamav_dbload_CFG_fuzzer
clamav,c++,clamav_scanfile_PE_fuzzer
clamav,c++,clamav_dbload_LDB_fuzzer
clamav,c++,clamav_dbload_FP_fuzzer
clamav,c++,clamav_scanmap_HTML_fuzzer
clamav,c++,clamav_dbload_CRB_fuzzer
clamav,c++,clamav_scanmap_ARCHIVE_fuzzer
clamav,c++,clamav_scanfile_ARCHIVE_fuzzer
clamav,c++,clamav_dbload_MDB_fuzzer
clamav,c++,clamav_scanmap_MAIL_fuzzer
clamav,c++,clamav_scanfile_HWP3_fuzzer
clamav,c++,clamav_scanfile_OLE2_fuzzer
clamav,c++,clamav_dbload_CDB_fuzzer
clamav,c++,clamav_scanfile_MAIL_fuzzer
clamav,c++,clamav_scanmap_ELF_fuzzer
clamav,c++,clamav_dbload_MSB_fuzzer
clamav,c++,clamav_dbload_PDB_fuzzer
clamav,c++,clamav_scanfile_XMLDOCS_fuzzer
clamav,c++,clamav_scanmap_PE_fuzzer
clamav,c++,clamav_scanmap_PDF_fuzzer
clamav,c++,clamav_dbload_WDB_fuzzer
clamav,c++,clamav_scanmap_XMLDOCS_fuzzer
clamav,c++,clamav_dbload_NDB_fuzzer
clamav,c++,clamav_dbload_YARA_fuzzer
clamav,c++,clamav_dbload_HDB_fuzzer
clamav,c++,clamav_dbload_IGN_fuzzer
cmake,c,xml_parser_fuzzer
cmark,c++,cmark_fuzzer
coturn,c,FuzzStunClient
coturn,c,FuzzStun
cpp-httplib,c++,server_fuzzer
cpython3,c++,fuzz_ast_literal_eval
cpython3,c++,fuzz_builtin_int
cpython3,c++,fuzz_struct_unpack
cpython3,c++,fuzz_builtin_float
cpython3,c++,fuzz_pycompile
cpython3,c++,fuzz_sre_compile
cpython3,c++,fuzz_csv_reader
cpython3,c++,fuzz_builtin_unicode
cpython3,c++,fuzz_elementtree_parsewhole
cpython3,c++,fuzz_json_loads
cpython3,c++,fuzz_sre_match
croaring,c,croaring_fuzzer_cc
croaring,c,croaring_fuzzer
crow,c++,template_fuzzer
crow,c++,b64_fuzzer
crow,c++,request_fuzzer
cryptofuzz,c++,cryptofuzz-boringssl-noasm
cryptofuzz,c++,cryptofuzz-openssl
cryptofuzz,c++,cryptofuzz-boringssl
cryptofuzz,c++,cryptofuzz-openssl-noasm
cryptofuzz,c++,cryptofuzz-nss
cryptsetup,c,crypt2_load_proto_plain_json_fuzz
cryptsetup,c,crypt2_load_ondisk_fuzz
cryptsetup,c,crypt2_load_fuzz
curl,c++,curl_fuzzer_tftp
curl,c++,curl_fuzzer_ftp
curl,c++,curl_fuzzer_smtp
curl,c++,curl_fuzzer_bufq
curl,c++,curl_fuzzer_pop3
curl,c++,curl_fuzzer_https
curl,c++,curl_fuzzer_file
curl,c++,curl_fuzzer_rtsp
curl,c++,curl_fuzzer
curl,c++,curl_fuzzer_ws
curl,c++,curl_fuzzer_http
curl,c++,curl_fuzzer_dict
curl,c++,curl_fuzzer_smb
curl,c++,curl_fuzzer_imap
curl,c++,curl_fuzzer_gopher
curl,c++,fuzz_url
curl,c++,curl_fuzzer_mqtt
cyclonedds,c,fuzz_config_init
cyclonedds,c,fuzz_sample_deser
cyclonedds,c,fuzz_type_object
cyclonedds,c,fuzz_handle_rtps_message
cyclonedds,c,fuzz_handshake
cyclonedds,c,fuzz_security_deser
dng_sdk,c++,dng_fixed_validate_fuzzer
dng_sdk,c++,dng_validate_fuzzer
dng_sdk,c++,dng_parser_fuzzer
dng_sdk,c++,dng_camera_profile_fuzzer
dng_sdk,c++,dng_stage_fuzzer
dropbear,c++,fuzzer-client
dropbear,c++,fuzzer-preauth_nomaths
dropbear,c++,fuzzer-kexecdh
dropbear,c++,fuzzer-verify
dropbear,c++,fuzzer-pubkey
dropbear,c++,fuzzer-preauth
dropbear,c++,fuzzer-kexdh
dropbear,c++,fuzzer-client_nomaths
dropbear,c++,fuzzer-cliconf
dropbear,c++,fuzzer-postauth_nomaths
dropbear,c++,fuzzer-kexcurve25519
edk2,c,TestBmpSupportLib
edk2,c,TestTpm2CommandLib
edk2,c,TestPartition
edk2,c,TestFmpAuthenticationLibPkcs7
edk2,c,TestPeiUsb
edk2,c,TestFmpAuthenticationLibRsa2048Sha256
edk2,c,TestUdf
exiv2,c++,fuzz-read-print-write
ffmpeg,c++,ffmpeg_AV_CODEC_ID_MP3_fuzzer
ffmpeg,c++,ffmpeg_dem_SBC_fuzzer
ffmpeg,c++,ffmpeg_dem_SUBVIEWER_fuzzer
ffmpeg,c++,ffmpeg_BSF_CHOMP_fuzzer
ffmpeg,c++,ffmpeg_dem_MPJPEG_fuzzer
ffmpeg,c++,ffmpeg_dem_G726_fuzzer
ffmpeg,c++,ffmpeg_AV_CODEC_ID_ATRAC1_fuzzer
ffmpeg,c++,ffmpeg_dem_VC1_fuzzer
ffmpeg,c++,ffmpeg_AV_CODEC_ID_PICTOR_fuzzer
ffmpeg,c++,ffmpeg_dem_IPMOVIE_fuzzer
ffmpeg,c++,ffmpeg_AV_CODEC_ID_PRORES_fuzzer
ffmpeg,c++,ffmpeg_AV_CODEC_ID_ESCAPE130_fuzzer
ffmpeg,c++,ffmpeg_AV_CODEC_ID_FTR_fuzzer
ffmpeg,c++,ffmpeg_AV_CODEC_ID_INTERPLAY_ACM_fuzzer
ffmpeg,c++,ffmpeg_AV_CODEC_ID_DFPWM_fuzzer
ffmpeg,c++,ffmpeg_dem_MLP_fuzzer
ffmpeg,c++,ffmpeg_AV_CODEC_ID_EVRC_fuzzer
ffmpeg,c++,ffmpeg_dem_LXF_fuzzer
ffmpeg,c++,ffmpeg_AV_CODEC_ID_PBM_fuzzer
ffmpeg,c++,ffmpeg_AV_CODEC_ID_TMV_fuzzer
ffmpeg,c++,ffmpeg_dem_RSD_fuzzer
ffmpeg,c++,ffmpeg_AV_CODEC_ID_SMC_fuzzer
ffmpeg,c++,ffmpeg_dem_WAVARC_fuzzer
ffmpeg,c++,ffmpeg_dem_ACE_fuzzer
ffmpeg,c++,ffmpeg_dem_DNXHD_fuzzer
ffmpeg,c++,ffmpeg_dem_DTSHD_fuzzer
ffmpeg,c++,ffmpeg_AV_CODEC_ID_MVC1_fuzzer
ffmpeg,c++,ffmpeg_dem_PJS_fuzzer
ffmpeg,c++,ffmpeg_AV_CODEC_ID_JPEGLS_fuzzer
ffmpeg,c++,ffmpeg_dem_IV8_fuzzer
ffmpeg,c++,ffmpeg_AV_CODEC_ID_A64MULTI_fuzzer
ffmpeg,c++,ffmpeg_dem_PCM_F32BE_fuzzer
ffmpeg,c++,ffmpeg_BSF_DUMP_EXTRADATA_fuzzer
ffmpeg,c++,ffmpeg_dem_MV_fuzzer
ffmpeg,c++,ffmpeg_dem_QCP_fuzzer
ffmpeg,c++,ffmpeg_dem_LUODAT_fuzzer
ffmpeg,c++,ffmpeg_AV_CODEC_ID_IAC_fuzzer
ffmpeg,c++,ffmpeg_dem_M4V_fuzzer
ffmpeg,c++,ffmpeg_dem_VMD_fuzzer
ffmpeg,c++,ffmpeg_AV_CODEC_ID_TIFF_fuzzer
ffmpeg,c++,ffmpeg_AV_CODEC_ID_QPEG_fuzzer
ffmpeg,c++,ffmpeg_dem_OBU_fuzzer
ffmpeg,c++,ffmpeg_AV_CODEC_ID_EIGHTSVX_FIB_fuzzer
ffmpeg,c++,ffmpeg_IO_DEMUXER_fuzzer
ffmpeg,c++,ffmpeg_dem_IAMF_fuzzer
ffmpeg,c++,ffmpeg_AV_CODEC_ID_VC1_fuzzer
ffmpeg,c++,ffmpeg_dem_WEBM_DASH_MANIFEST_fuzzer
ffmpeg,c++,ffmpeg_dem_AMRNB_fuzzer
ffmpeg,c++,ffmpeg_dem_PMP_fuzzer
ffmpeg,c++,ffmpeg_AV_CODEC_ID_PRORES_KS_fuzzer
ffmpeg,c++,ffmpeg_AV_CODEC_ID_DVDSUB_fuzzer
ffmpeg,c++,ffmpeg_AV_CODEC_ID_INDEO3_fuzzer
ffmpeg,c++,ffmpeg_AV_CODEC_ID_JPEG2000_fuzzer
ffmpeg,c++,ffmpeg_dem_THREEDOSTR_fuzzer
ffmpeg,c++,ffmpeg_dem_BINK_fuzzer
ffmpeg,c++,ffmpeg_AV_CODEC_ID_MWSC_fuzzer
ffmpeg,c++,ffmpeg_dem_SOX_fuzzer
ffmpeg,c++,ffmpeg_AV_CODEC_ID_MICRODVD_fuzzer
ffmpeg,c++,ffmpeg_dem_TEDCAPTIONS_fuzzer
ffmpeg,c++,ffmpeg_dem_AMR_fuzzer
ffmpeg,c++,ffmpeg_AV_CODEC_ID_CLLC_fuzzer
ffmpeg,c++,ffmpeg_dem_MP3_fuzzer
ffmpeg,c++,ffmpeg_AV_CODEC_ID_XPM_fuzzer
ffmpeg,c++,ffmpeg_BSF_PCM_RECHUNK_fuzzer
ffmpeg,c++,ffmpeg_dem_PCM_F64BE_fuzzer
ffmpeg,c++,ffmpeg_AV_CODEC_ID_PCM_S16BE_PLANAR_fuzzer
ffmpeg,c++,ffmpeg_AV_CODEC_ID_ADPCM_MS_fuzzer
ffmpeg,c++,ffmpeg_AV_CODEC_ID_ADPCM_IMA_ISS_fuzzer
ffmpeg,c++,ffmpeg_AV_CODEC_ID_IFF_ILBM_fuzzer
ffmpeg,c++,ffmpeg_dem_REDSPARK_fuzzer
ffmpeg,c++,ffmpeg_AV_CODEC_ID_MVDV_fuzzer
ffmpeg,c++,ffmpeg_AV_CODEC_ID_XFACE_fuzzer
ffmpeg,c++,ffmpeg_AV_CODEC_ID_IMM4_fuzzer
ffmpeg,c++,ffmpeg_dem_PCM_U8_fuzzer
ffmpeg,c++,ffmpeg_dem_DHAV_fuzzer
ffmpeg,c++,ffmpeg_dem_TRUEHD_fuzzer
ffmpeg,c++,ffmpeg_AV_CODEC_ID_SCPR_fuzzer
ffmpeg,c++,ffmpeg_AV_CODEC_ID_ADPCM_AICA_fuzzer
ffmpeg,c++,ffmpeg_AV_CODEC_ID_XMA2_fuzzer
ffmpeg,c++,ffmpeg_AV_CODEC_ID_PCM_S32LE_fuzzer
ffmpeg,c++,ffmpeg_dem_KUX_fuzzer
ffmpeg,c++,ffmpeg_AV_CODEC_ID_ADPCM_SBPRO_3_fuzzer
ffmpeg,c++,ffmpeg_dem_ADS_fuzzer
ffmpeg,c++,ffmpeg_AV_CODEC_ID_ULTI_fuzzer
ffmpeg,c++,ffmpeg_AV_CODEC_ID_CLEARVIDEO_fuzzer
ffmpeg,c++,ffmpeg_dem_IFV_fuzzer
ffmpeg,c++,ffmpeg_AV_CODEC_ID_FLV_fuzzer
ffmpeg,c++,ffmpeg_dem_BINKA_fuzzer
ffmpeg,c++,ffmpeg_AV_CODEC_ID_WNV1_fuzzer
ffmpeg,c++,ffmpeg_dem_FOURXM_fuzzer
ffmpeg,c++,ffmpeg_AV_CODEC_ID_ADPCM_EA_R3_fuzzer
ffmpeg,c++,ffmpeg_AV_CODEC_ID_TTA_fuzzer
ffmpeg,c++,ffmpeg_AV_CODEC_ID_RKA_fuzzer
ffmpeg,c++,ffmpeg_AV_CODEC_ID_BMV_AUDIO_fuzzer
ffmpeg,c++,ffmpeg_AV_CODEC_ID_SONIC_fuzzer
ffmpeg,c++,ffmpeg_AV_CODEC_ID_ADPCM_THP_LE_fuzzer
ffmpeg,c++,ffmpeg_dem_PCM_U24BE_fuzzer
ffmpeg,c++,ffmpeg_AV_CODEC_ID_ADPCM_EA_R1_fuzzer
ffmpeg,c++,ffmpeg_AV_CODEC_ID_QOA_fuzzer
ffmpeg,c++,ffmpeg_dem_DXA_fuzzer
ffmpeg,c++,ffmpeg_AV_CODEC_ID_ADPCM_IMA_APM_fuzzer
ffmpeg,c++,ffmpeg_AV_CODEC_ID_EXR_fuzzer
ffmpeg,c++,ffmpeg_AV_CODEC_ID_WMAV2_fuzzer
ffmpeg,c++,ffmpeg_dem_FFMETADATA_fuzzer
ffmpeg,c++,ffmpeg_dem_WC3_fuzzer
ffmpeg,c++,ffmpeg_AV_CODEC_ID_SPEEX_fuzzer
ffmpeg,c++,ffmpeg_AV_CODEC_ID_VORBIS_fuzzer
ffmpeg,c++,ffmpeg_dem_SHORTEN_fuzzer
ffmpeg,c++,ffmpeg_AV_CODEC_ID_XBIN_fuzzer
ffmpeg,c++,ffmpeg_AV_CODEC_ID_PGSSUB_fuzzer
ffmpeg,c++,ffmpeg_AV_CODEC_ID_SAMI_fuzzer
ffmpeg,c++,ffmpeg_AV_CODEC_ID_ADPCM_G726_fuzzer
ffmpeg,c++,ffmpeg_AV_CODEC_ID_S302M_fuzzer
ffmpeg,c++,ffmpeg_dem_DSS_fuzzer
ffmpeg,c++,ffmpeg_AV_CODEC_ID_ADPCM_IMA_RAD_fuzzer
ffmpeg,c++,ffmpeg_AV_CODEC_ID_ADPCM_IMA_MTF_fuzzer
ffmpeg,c++,ffmpeg_AV_CODEC_ID_ADPCM_IMA_WS_fuzzer
ffmpeg,c++,ffmpeg_dem_G729_fuzzer
ffmpeg,c++,ffmpeg_AV_CODEC_ID_FLASHSV2_fuzzer
ffmpeg,c++,ffmpeg_BSF_DTS2PTS_fuzzer
ffmpeg,c++,ffmpeg_AV_CODEC_ID_AIC_fuzzer
ffmpeg,c++,ffmpeg_dem_IMAGE_HDR_PIPE_fuzzer
ffmpeg,c++,ffmpeg_dem_CODEC2RAW_fuzzer
ffmpeg,c++,ffmpeg_dem_OMA_fuzzer
ffmpeg,c++,ffmpeg_AV_CODEC_ID_WEBVTT_fuzzer
ffmpeg,c++,ffmpeg_AV_CODEC_ID_PCM_SGA_fuzzer
ffmpeg,c++,ffmpeg_AV_CODEC_ID_REALTEXT_fuzzer
ffmpeg,c++,ffmpeg_AV_CODEC_ID_G2M_fuzzer
ffmpeg,c++,ffmpeg_BSF_EVC_FRAME_MERGE_fuzzer
ffmpeg,c++,ffmpeg_AV_CODEC_ID_PCM_U24BE_fuzzer
ffmpeg,c++,ffmpeg_dem_SLN_fuzzer
ffmpeg,c++,ffmpeg_AV_CODEC_ID_ZEROCODEC_fuzzer
ffmpeg,c++,ffmpeg_AV_CODEC_ID_LIBTHEORA_fuzzer
ffmpeg,c++,ffmpeg_AV_CODEC_ID_MACE6_fuzzer
ffmpeg,c++,ffmpeg_AV_CODEC_ID_WBMP_fuzzer
ffmpeg,c++,ffmpeg_AV_CODEC_ID_ADPCM_IMA_AMV_fuzzer
ffmpeg,c++,ffmpeg_AV_CODEC_ID_V408_fuzzer
ffmpeg,c++,ffmpeg_AV_CODEC_ID_V210X_fuzzer
ffmpeg,c++,ffmpeg_AV_CODEC_ID_RASC_fuzzer
ffmpeg,c++,ffmpeg_dem_AAX_fuzzer
ffmpeg,c++,ffmpeg_BSF_PRORES_METADATA_fuzzer
ffmpeg,c++,ffmpeg_dem_ARGO_ASF_fuzzer
ffmpeg,c++,ffmpeg_AV_CODEC_ID_MJPEG_fuzzer
ffmpeg,c++,ffmpeg_AV_CODEC_ID_FITS_fuzzer
ffmpeg,c++,ffmpeg_AV_CODEC_ID_VC1_V4L2M2M_fuzzer
ffmpeg,c++,ffmpeg_AV_CODEC_ID_BITPACKED_fuzzer
ffmpeg,c++,ffmpeg_AV_CODEC_ID_TRUEHD_fuzzer
ffmpeg,c++,ffmpeg_AV_CODEC_ID_SGA_fuzzer
ffmpeg,c++,ffmpeg_AV_CODEC_ID_WMAV1_fuzzer
ffmpeg,c++,ffmpeg_dem_SRT_fuzzer
ffmpeg,c++,ffmpeg_AV_CODEC_ID_PGX_fuzzer
ffmpeg,c++,ffmpeg_dem_AVS_fuzzer
ffmpeg,c++,ffmpeg_dem_MXF_fuzzer
ffmpeg,c++,ffmpeg_AV_CODEC_ID_PCM_VIDC_fuzzer
ffmpeg,c++,ffmpeg_dem_OGG_fuzzer
ffmpeg,c++,ffmpeg_dem_WSAUD_fuzzer
ffmpeg,c++,ffmpeg_AV_CODEC_ID_CFHD_fuzzer
ffmpeg,c++,ffmpeg_AV_CODEC_ID_AMV_fuzzer
ffmpeg,c++,ffmpeg_AV_CODEC_ID_FOURXM_fuzzer
ffmpeg,c++,ffmpeg_AV_CODEC_ID_PCM_U32BE_fuzzer
ffmpeg,c++,ffmpeg_AV_CODEC_ID_AAC_FIXED_fuzzer
ffmpeg,c++,ffmpeg_dem_IMAGE_DPX_PIPE_fuzzer
ffmpeg,c++,ffmpeg_dem_SAMI_fuzzer
ffmpeg,c++,ffmpeg_AV_CODEC_ID_CDTOONS_fuzzer
ffmpeg,c++,ffmpeg_AV_CODEC_ID_ADPCM_EA_XAS_fuzzer
ffmpeg,c++,ffmpeg_dem_ACM_fuzzer
ffmpeg,c++,ffmpeg_dem_BFI_fuzzer
ffmpeg,c++,ffmpeg_dem_RPL_fuzzer
ffmpeg,c++,ffmpeg_AV_CODEC_ID_ON2AVC_fuzzer
ffmpeg,c++,ffmpeg_dem_SOL_fuzzer
ffmpeg,c++,ffmpeg_AV_CODEC_ID_MOBICLIP_fuzzer
ffmpeg,c++,ffmpeg_BSF_IMX_DUMP_HEADER_fuzzer
ffmpeg,c++,ffmpeg_AV_CODEC_ID_WMV1_fuzzer
ffmpeg,c++,ffmpeg_AV_CODEC_ID_XAN_WC4_fuzzer
ffmpeg,c++,ffmpeg_AV_CODEC_ID_MPEG2_V4L2M2M_fuzzer
ffmpeg,c++,ffmpeg_dem_MM_fuzzer
ffmpeg,c++,ffmpeg_AV_CODEC_ID_CPIA_fuzzer
ffmpeg,c++,ffmpeg_AV_CODEC_ID_ADPCM_XA_fuzzer
ffmpeg,c++,ffmpeg_dem_MSP_fuzzer
ffmpeg,c++,ffmpeg_AV_CODEC_ID_MP1_fuzzer
ffmpeg,c++,ffmpeg_AV_CODEC_ID_SRT_fuzzer
ffmpeg,c++,ffmpeg_dem_DATA_fuzzer
ffmpeg,c++,ffmpeg_dem_G726LE_fuzzer
ffmpeg,c++,ffmpeg_AV_CODEC_ID_RV40_fuzzer
ffmpeg,c++,ffmpeg_AV_CODEC_ID_NELLYMOSER_fuzzer
ffmpeg,c++,ffmpeg_AV_CODEC_ID_RV30_fuzzer
ffmpeg,c++,ffmpeg_dem_IMAGE_PPM_PIPE_fuzzer
ffmpeg,c++,ffmpeg_dem_DERF_fuzzer
ffmpeg,c++,ffmpeg_dem_PAF_fuzzer
ffmpeg,c++,ffmpeg_AV_CODEC_ID_HQ_HQA_fuzzer
ffmpeg,c++,ffmpeg_AV_CODEC_ID_LAGARITH_fuzzer
ffmpeg,c++,ffmpeg_dem_DAUD_fuzzer
ffmpeg,c++,ffmpeg_AV_CODEC_ID_HQX_fuzzer
ffmpeg,c++,ffmpeg_AV_CODEC_ID_DXTORY_fuzzer
ffmpeg,c++,ffmpeg_AV_CODEC_ID_WMV2_fuzzer
ffmpeg,c++,ffmpeg_dem_PCM_MULAW_fuzzer
ffmpeg,c++,ffmpeg_AV_CODEC_ID_EATGV_fuzzer
ffmpeg,c++,ffmpeg_AV_CODEC_ID_VNULL_fuzzer
ffmpeg,c++,ffmpeg_AV_CODEC_ID_ADPCM_IMA_QT_fuzzer
ffmpeg,c++,ffmpeg_dem_IFF_fuzzer
ffmpeg,c++,ffmpeg_dem_DFA_fuzzer
ffmpeg,c++,ffmpeg_dem_IMAGE_PBM_PIPE_fuzzer
ffmpeg,c++,ffmpeg_AV_CODEC_ID_MSP2_fuzzer
ffmpeg,c++,ffmpeg_AV_CODEC_ID_VP5_fuzzer
ffmpeg,c++,ffmpeg_AV_CODEC_ID_HUFFYUV_fuzzer
ffmpeg,c++,ffmpeg_dem_MSNWC_TCP_fuzzer
ffmpeg,c++,ffmpeg_dem_ADP_fuzzer
ffmpeg,c++,ffmpeg_AV_CODEC_ID_R210_fuzzer
ffmpeg,c++,ffmpeg_AV_CODEC_ID_PHOTOCD_fuzzer
ffmpeg,c++,ffmpeg_AV_CODEC_ID_NOTCHLC_fuzzer
ffmpeg,c++,ffmpeg_dem_SCD_fuzzer
ffmpeg,c++,ffmpeg_dem_ADF_fuzzer
ffmpeg,c++,ffmpeg_AV_CODEC_ID_DIRAC_fuzzer
ffmpeg,c++,ffmpeg_AV_CODEC_ID_VP8_V4L2M2M_fuzzer
ffmpeg,c++,ffmpeg_AV_CODEC_ID_APNG_fuzzer
ffmpeg,c++,ffmpeg_dem_APTX_fuzzer
ffmpeg,c++,ffmpeg_dem_IMAGE_DDS_PIPE_fuzzer
ffmpeg,c++,ffmpeg_dem_NUT_fuzzer
ffmpeg,c++,ffmpeg_AV_CODEC_ID_H261_fuzzer
ffmpeg,c++,ffmpeg_dem_NUV_fuzzer
ffmpeg,c++,ffmpeg_dem_TMV_fuzzer
ffmpeg,c++,ffmpeg_dem_LAF_fuzzer
ffmpeg,c++,ffmpeg_dem_HLS_fuzzer
ffmpeg,c++,ffmpeg_dem_G722_fuzzer
ffmpeg,c++,ffmpeg_AV_CODEC_ID_MPEGVIDEO_fuzzer
ffmpeg,c++,ffmpeg_dem_WV_fuzzer
ffmpeg,c++,ffmpeg_AV_CODEC_ID_CSCD_fuzzer
ffmpeg,c++,ffmpeg_dem_MTAF_fuzzer
ffmpeg,c++,ffmpeg_dem_AQTITLE_fuzzer
ffmpeg,c++,ffmpeg_AV_CODEC_ID_PCM_S24LE_fuzzer
ffmpeg,c++,ffmpeg_dem_AVS3_fuzzer
ffmpeg,c++,ffmpeg_AV_CODEC_ID_MSMPEG4V3_fuzzer
ffmpeg,c++,ffmpeg_AV_CODEC_ID_PCM_S32LE_PLANAR_fuzzer
ffmpeg,c++,ffmpeg_BSF_TEXT2MOVSUB_fuzzer
ffmpeg,c++,ffmpeg_BSF_EAC3_CORE_fuzzer
ffmpeg,c++,ffmpeg_AV_CODEC_ID_M101_fuzzer
ffmpeg,c++,ffmpeg_dem_STL_fuzzer
ffmpeg,c++,ffmpeg_AV_CODEC_ID_YUV4_fuzzer
ffmpeg,c++,ffmpeg_AV_CODEC_ID_HCA_fuzzer
ffmpeg,c++,ffmpeg_AV_CODEC_ID_VP7_fuzzer
ffmpeg,c++,ffmpeg_AV_CODEC_ID_MPEG1_V4L2M2M_fuzzer
ffmpeg,c++,ffmpeg_AV_CODEC_ID_PDV_fuzzer
ffmpeg,c++,ffmpeg_dem_TXD_fuzzer
ffmpeg,c++,ffmpeg_AV_CODEC_ID_ARGO_fuzzer
ffmpeg,c++,ffmpeg_dem_EA_fuzzer
ffmpeg,c++,ffmpeg_dem_LIVE_FLV_fuzzer
ffmpeg,c++,ffmpeg_dem_REALTEXT_fuzzer
ffmpeg,c++,ffmpeg_dem_CDG_fuzzer
ffmpeg,c++,ffmpeg_AV_CODEC_ID_ROQ_fuzzer
ffmpeg,c++,ffmpeg_dem_VAG_fuzzer
ffmpeg,c++,ffmpeg_AV_CODEC_ID_MP2FIXED_fuzzer
ffmpeg,c++,ffmpeg_AV_CODEC_ID_MOVTEXT_fuzzer
ffmpeg,c++,ffmpeg_dem_IMAGE_PNG_PIPE_fuzzer
ffmpeg,c++,ffmpeg_dem_SUBVIEWER1_fuzzer
ffmpeg,c++,ffmpeg_dem_IMAGE_PAM_PIPE_fuzzer
ffmpeg,c++,ffmpeg_dem_EAC3_fuzzer
ffmpeg,c++,ffmpeg_AV_CODEC_ID_PROSUMER_fuzzer
ffmpeg,c++,ffmpeg_AV_CODEC_ID_MP1FLOAT_fuzzer
ffmpeg,c++,ffmpeg_dem_XWMA_fuzzer
ffmpeg,c++,ffmpeg_AV_CODEC_ID_WMAPRO_fuzzer
ffmpeg,c++,ffmpeg_AV_CODEC_ID_INTERPLAY_DPCM_fuzzer
ffmpeg,c++,ffmpeg_dem_IMAGE_PHM_PIPE_fuzzer
ffmpeg,c++,ffmpeg_AV_CODEC_ID_ADPCM_IMA_WAV_fuzzer
ffmpeg,c++,ffmpeg_AV_CODEC_ID_DERF_DPCM_fuzzer
ffmpeg,c++,ffmpeg_dem_XBIN_fuzzer
ffmpeg,c++,ffmpeg_AV_CODEC_ID_SANM_fuzzer
ffmpeg,c++,ffmpeg_AV_CODEC_ID_ADPCM_G726LE_fuzzer
ffmpeg,c++,ffmpeg_dem_G723_1_fuzzer
ffmpeg,c++,ffmpeg_AV_CODEC_ID_CRI_fuzzer
ffmpeg,c++,ffmpeg_dem_PCM_F32LE_fuzzer
ffmpeg,c++,ffmpeg_AV_CODEC_ID_COMFORTNOISE_fuzzer
ffmpeg,c++,ffmpeg_AV_CODEC_ID_VQA_fuzzer
ffmpeg,c++,ffmpeg_AV_CODEC_ID_RALF_fuzzer
ffmpeg,c++,ffmpeg_dem_DCSTR_fuzzer
ffmpeg,c++,ffmpeg_dem_PVA_fuzzer
ffmpeg,c++,ffmpeg_dem_WAV_fuzzer
ffmpeg,c++,ffmpeg_dem_IMAGE_QOI_PIPE_fuzzer
ffmpeg,c++,ffmpeg_AV_CODEC_ID_SCREENPRESSO_fuzzer
ffmpeg,c++,ffmpeg_AV_CODEC_ID_ADPCM_SWF_fuzzer
ffmpeg,c++,ffmpeg_dem_DFPWM_fuzzer
ffmpeg,c++,ffmpeg_AV_CODEC_ID_ADPCM_EA_fuzzer
ffmpeg,c++,ffmpeg_AV_CODEC_ID_AVUI_fuzzer
ffmpeg,c++,ffmpeg_dem_MPC_fuzzer
ffmpeg,c++,ffmpeg_dem_PVF_fuzzer
ffmpeg,c++,ffmpeg_AV_CODEC_ID_ACELP_KELVIN_fuzzer
ffmpeg,c++,ffmpeg_AV_CODEC_ID_VBLE_fuzzer
ffmpeg,c++,ffmpeg_AV_CODEC_ID_INTERPLAY_VIDEO_fuzzer
ffmpeg,c++,ffmpeg_BSF_MOV2TEXTSUB_fuzzer
ffmpeg,c++,ffmpeg_dem_RL2_fuzzer
ffmpeg,c++,ffmpeg_dem_HCOM_fuzzer
ffmpeg,c++,ffmpeg_dem_H263_fuzzer
ffmpeg,c++,ffmpeg_dem_RCWT_fuzzer
ffmpeg,c++,ffmpeg_BSF_MPEG2_METADATA_fuzzer
ffmpeg,c++,ffmpeg_AV_CODEC_ID_BINKAUDIO_RDFT_fuzzer
ffmpeg,c++,ffmpeg_AV_CODEC_ID_ADPCM_IMA_OKI_fuzzer
ffmpeg,c++,ffmpeg_AV_CODEC_ID_ESCAPE124_fuzzer
ffmpeg,c++,ffmpeg_dem_DVBSUB_fuzzer
ffmpeg,c++,ffmpeg_dem_SIMBIOSIS_IMX_fuzzer
ffmpeg,c++,ffmpeg_AV_CODEC_ID_AMRNB_fuzzer
ffmpeg,c++,ffmpeg_dem_MJPEG_fuzzer
ffmpeg,c++,ffmpeg_dem_TTA_fuzzer
ffmpeg,c++,ffmpeg_dem_MLV_fuzzer
ffmpeg,c++,ffmpeg_AV_CODEC_ID_HCOM_fuzzer
ffmpeg,c++,ffmpeg_dem_PCM_S24LE_fuzzer
ffmpeg,c++,ffmpeg_AV_CODEC_ID_XAN_DPCM_fuzzer
ffmpeg,c++,ffmpeg_dem_VC1T_fuzzer
ffmpeg,c++,ffmpeg_dem_IMAGE_PCX_PIPE_fuzzer
ffmpeg,c++,ffmpeg_AV_CODEC_ID_VP6F_fuzzer
ffmpeg,c++,ffmpeg_dem_BFSTM_fuzzer
ffmpeg,c++,ffmpeg_AV_CODEC_ID_FFVHUFF_fuzzer
ffmpeg,c++,ffmpeg_BSF_HEVC_MP4TOANNEXB_fuzzer
ffmpeg,c++,ffmpeg_dem_GIF_fuzzer
ffmpeg,c++,ffmpeg_AV_CODEC_ID_LEAD_fuzzer
ffmpeg,c++,ffmpeg_AV_CODEC_ID_PCM_S24DAUD_fuzzer
ffmpeg,c++,ffmpeg_dem_V210X_fuzzer
ffmpeg,c++,ffmpeg_AV_CODEC_ID_H263I_fuzzer
ffmpeg,c++,ffmpeg_dem_SVS_fuzzer
ffmpeg,c++,ffmpeg_AV_CODEC_ID_RV10_fuzzer
ffmpeg,c++,ffmpeg_dem_PCM_S32BE_fuzzer
ffmpeg,c++,ffmpeg_AV_CODEC_ID_MACE3_fuzzer
ffmpeg,c++,ffmpeg_AV_CODEC_ID_SUBVIEWER_fuzzer
ffmpeg,c++,ffmpeg_AV_CODEC_ID_SNOW_fuzzer
ffmpeg,c++,ffmpeg_dem_PCM_U24LE_fuzzer
ffmpeg,c++,ffmpeg_AV_CODEC_ID_DSICINAUDIO_fuzzer
ffmpeg,c++,ffmpeg_dem_BITPACKED_fuzzer
ffmpeg,c++,ffmpeg_AV_CODEC_ID_MP2_fuzzer
ffmpeg,c++,ffmpeg_AV_CODEC_ID_EIGHTBPS_fuzzer
ffmpeg,c++,ffmpeg_dem_IMAGE_PGM_PIPE_fuzzer
ffmpeg,c++,ffmpeg_AV_CODEC_ID_DSD_MSBF_PLANAR_fuzzer
ffmpeg,c++,ffmpeg_AV_CODEC_ID_MOTIONPIXELS_fuzzer
ffmpeg,c++,ffmpeg_dem_MPEGPS_fuzzer
ffmpeg,c++,ffmpeg_AV_CODEC_ID_STL_fuzzer
ffmpeg,c++,ffmpeg_AV_CODEC_ID_PCM_DVD_fuzzer
ffmpeg,c++,ffmpeg_AV_CODEC_ID_JACOSUB_fuzzer
ffmpeg,c++,ffmpeg_AV_CODEC_ID_BINKAUDIO_DCT_fuzzer
ffmpeg,c++,ffmpeg_AV_CODEC_ID_TIERTEXSEQVIDEO_fuzzer
ffmpeg,c++,ffmpeg_AV_CODEC_ID_ADPCM_DTK_fuzzer
ffmpeg,c++,ffmpeg_AV_CODEC_ID_ANULL_fuzzer
ffmpeg,c++,ffmpeg_AV_CODEC_ID_MVHA_fuzzer
ffmpeg,c++,ffmpeg_dem_MICRODVD_fuzzer
ffmpeg,c++,ffmpeg_AV_CODEC_ID_VMDVIDEO_fuzzer
ffmpeg,c++,ffmpeg_AV_CODEC_ID_DCA_fuzzer
ffmpeg,c++,ffmpeg_AV_CODEC_ID_IDCIN_fuzzer
ffmpeg,c++,ffmpeg_AV_CODEC_ID_ADPCM_PSX_fuzzer
ffmpeg,c++,ffmpeg_AV_CODEC_ID_SVQ3_fuzzer
ffmpeg,c++,ffmpeg_dem_BIT_fuzzer
ffmpeg,c++,ffmpeg_AV_CODEC_ID_OSQ_fuzzer
ffmpeg,c++,ffmpeg_AV_CODEC_ID_XSUB_fuzzer
ffmpeg,c++,ffmpeg_AV_CODEC_ID_VMNC_fuzzer
ffmpeg,c++,ffmpeg_dem_IPU_fuzzer
ffmpeg,c++,ffmpeg_AV_CODEC_ID_PCM_S8_PLANAR_fuzzer
ffmpeg,c++,ffmpeg_dem_IMAGE_SGI_PIPE_fuzzer
ffmpeg,c++,ffmpeg_dem_SDNS_fuzzer
ffmpeg,c++,ffmpeg_AV_CODEC_ID_SSA_fuzzer
ffmpeg,c++,ffmpeg_AV_CODEC_ID_RPZA_fuzzer
ffmpeg,c++,ffmpeg_AV_CODEC_ID_PIXLET_fuzzer
ffmpeg,c++,ffmpeg_dem_CAVSVIDEO_fuzzer
ffmpeg,c++,ffmpeg_AV_CODEC_ID_QTRLE_fuzzer
ffmpeg,c++,ffmpeg_dem_IMAGE_EXR_PIPE_fuzzer
ffmpeg,c++,ffmpeg_dem_EVC_fuzzer
ffmpeg,c++,ffmpeg_dem_MCA_fuzzer
ffmpeg,c++,ffmpeg_AV_CODEC_ID_ASS_fuzzer
ffmpeg,c++,ffmpeg_dem_AIX_fuzzer
ffmpeg,c++,ffmpeg_dem_YOP_fuzzer
ffmpeg,c++,ffmpeg_dem_IMAGE_VBN_PIPE_fuzzer
ffmpeg,c++,ffmpeg_AV_CODEC_ID_CDGRAPHICS_fuzzer
ffmpeg,c++,ffmpeg_dem_PCM_F64LE_fuzzer
ffmpeg,c++,ffmpeg_dem_INGENIENT_fuzzer
ffmpeg,c++,ffmpeg_AV_CODEC_ID_SBC_fuzzer
ffmpeg,c++,ffmpeg_AV_CODEC_ID_GDV_fuzzer
ffmpeg,c++,ffmpeg_dem_AIFF_fuzzer
ffmpeg,c++,ffmpeg_AV_CODEC_ID_TDSC_fuzzer
ffmpeg,c++,ffmpeg_AV_CODEC_ID_ADPCM_IMA_SSI_fuzzer
ffmpeg,c++,ffmpeg_AV_CODEC_ID_WADY_DPCM_fuzzer
ffmpeg,c++,ffmpeg_AV_CODEC_ID_PRORES_AW_fuzzer
ffmpeg,c++,ffmpeg_AV_CODEC_ID_GREMLIN_DPCM_fuzzer
ffmpeg,c++,ffmpeg_AV_CODEC_ID_MSS2_fuzzer
ffmpeg,c++,ffmpeg_AV_CODEC_ID_VMIX_fuzzer
ffmpeg,c++,ffmpeg_AV_CODEC_ID_XWD_fuzzer
ffmpeg,c++,ffmpeg_AV_CODEC_ID_PCM_MULAW_fuzzer
ffmpeg,c++,ffmpeg_AV_CODEC_ID_ILBC_fuzzer
ffmpeg,c++,ffmpeg_dem_MOFLEX_fuzzer
ffmpeg,c++,ffmpeg_AV_CODEC_ID_ADPCM_IMA_DK3_fuzzer
ffmpeg,c++,ffmpeg_dem_SMACKER_fuzzer
ffmpeg,c++,ffmpeg_AV_CODEC_ID_IMM5_fuzzer
ffmpeg,c++,ffmpeg_AV_CODEC_ID_ADPCM_IMA_ACORN_fuzzer
ffmpeg,c++,ffmpeg_AV_CODEC_ID_FRAPS_fuzzer
ffmpeg,c++,ffmpeg_AV_CODEC_ID_ADPCM_4XM_fuzzer
ffmpeg,c++,ffmpeg_dem_HNM_fuzzer
ffmpeg,c++,ffmpeg_AV_CODEC_ID_TSCC_fuzzer
ffmpeg,c++,ffmpeg_AV_CODEC_ID_MSS1_fuzzer
ffmpeg,c++,ffmpeg_dem_MUSX_fuzzer
ffmpeg,c++,ffmpeg_dem_WVE_fuzzer
ffmpeg,c++,ffmpeg_AV_CODEC_ID_MPC8_fuzzer
ffmpeg,c++,ffmpeg_dem_VIVO_fuzzer
ffmpeg,c++,ffmpeg_AV_CODEC_ID_WAVPACK_fuzzer
ffmpeg,c++,ffmpeg_dem_PCM_S32LE_fuzzer
ffmpeg,c++,ffmpeg_AV_CODEC_ID_ADPCM_IMA_DK4_fuzzer
ffmpeg,c++,ffmpeg_dem_MTV_fuzzer
ffmpeg,c++,ffmpeg_AV_CODEC_ID_MSVIDEO1_fuzzer
ffmpeg,c++,ffmpeg_dem_XMD_fuzzer
ffmpeg,c++,ffmpeg_AV_CODEC_ID_YLC_fuzzer
ffmpeg,c++,ffmpeg_AV_CODEC_ID_MSMPEG4V1_fuzzer
ffmpeg,c++,ffmpeg_BSF_AV1_METADATA_fuzzer
ffmpeg,c++,ffmpeg_dem_YUV4MPEGPIPE_fuzzer
ffmpeg,c++,ffmpeg_AV_CODEC_ID_FRWU_fuzzer
ffmpeg,c++,ffmpeg_dem_IMAGE_GIF_PIPE_fuzzer
ffmpeg,c++,ffmpeg_dem_SMJPEG_fuzzer
ffmpeg,c++,ffmpeg_AV_CODEC_ID_RL2_fuzzer
ffmpeg,c++,ffmpeg_AV_CODEC_ID_ATRAC3PAL_fuzzer
ffmpeg,c++,ffmpeg_AV_CODEC_ID_V210_fuzzer
ffmpeg,c++,ffmpeg_AV_CODEC_ID_HDR_fuzzer
ffmpeg,c++,ffmpeg_dem_AA_fuzzer
ffmpeg,c++,ffmpeg_BSF_MJPEG2JPEG_fuzzer
ffmpeg,c++,ffmpeg_AV_CODEC_ID_G729_fuzzer
ffmpeg,c++,ffmpeg_dem_FLV_fuzzer
ffmpeg,c++,ffmpeg_AV_CODEC_ID_ATRAC3AL_fuzzer
ffmpeg,c++,ffmpeg_AV_CODEC_ID_VQC_fuzzer
ffmpeg,c++,ffmpeg_AV_CODEC_ID_PCM_S24BE_fuzzer
ffmpeg,c++,ffmpeg_dem_ILBC_fuzzer
ffmpeg,c++,ffmpeg_AV_CODEC_ID_AASC_fuzzer
ffmpeg,c++,ffmpeg_AV_CODEC_ID_WMV3IMAGE_fuzzer
ffmpeg,c++,ffmpeg_AV_CODEC_ID_MSZH_fuzzer
ffmpeg,c++,ffmpeg_AV_CODEC_ID_IDF_fuzzer
ffmpeg,c++,ffmpeg_AV_CODEC_ID_WMAVOICE_fuzzer
ffmpeg,c++,ffmpeg_AV_CODEC_ID_PCM_U16BE_fuzzer
ffmpeg,c++,ffmpeg_AV_CODEC_ID_ATRAC3P_fuzzer
ffmpeg,c++,ffmpeg_dem_FSB_fuzzer
ffmpeg,c++,ffmpeg_dem_IMAGE2_BRENDER_PIX_fuzzer
ffmpeg,c++,ffmpeg_dem_AFC_fuzzer
ffmpeg,c++,ffmpeg_AV_CODEC_ID_VBN_fuzzer
ffmpeg,c++,ffmpeg_AV_CODEC_ID_SUBVIEWER1_fuzzer
ffmpeg,c++,ffmpeg_AV_CODEC_ID_PTX_fuzzer
ffmpeg,c++,ffmpeg_AV_CODEC_ID_VP9_fuzzer
ffmpeg,c++,ffmpeg_BSF_PGS_FRAME_MERGE_fuzzer
ffmpeg,c++,ffmpeg_dem_PCM_S8_fuzzer
ffmpeg,c++,ffmpeg_dem_H264_fuzzer
ffmpeg,c++,ffmpeg_dem_CAF_fuzzer
ffmpeg,c++,ffmpeg_dem_PP_BNK_fuzzer
ffmpeg,c++,ffmpeg_AV_CODEC_ID_ADPCM_G722_fuzzer
ffmpeg,c++,ffmpeg_dem_APM_fuzzer
ffmpeg,c++,ffmpeg_BSF_FILTER_UNITS_fuzzer
ffmpeg,c++,ffmpeg_AV_CODEC_ID_CDXL_fuzzer
ffmpeg,c++,ffmpeg_AV_CODEC_ID_MPEG4_V4L2M2M_fuzzer
ffmpeg,c++,ffmpeg_dem_LOAS_fuzzer
ffmpeg,c++,ffmpeg_dem_JACOSUB_fuzzer
ffmpeg,c++,ffmpeg_AV_CODEC_ID_PCM_U8_fuzzer
ffmpeg,c++,ffmpeg_dem_LVF_fuzzer
ffmpeg,c++,ffmpeg_AV_CODEC_ID_H264_V4L2M2M_fuzzer
ffmpeg,c++,ffmpeg_dem_AV1_fuzzer
ffmpeg,c++,ffmpeg_dem_AVI_fuzzer
ffmpeg,c++,ffmpeg_dem_JPEGXL_ANIM_fuzzer
ffmpeg,c++,ffmpeg_AV_CODEC_ID_WRAPPED_AVFRAME_fuzzer
ffmpeg,c++,ffmpeg_AV_CODEC_ID_AVRN_fuzzer
ffmpeg,c++,ffmpeg_AV_CODEC_ID_ADPCM_IMA_SMJPEG_fuzzer
ffmpeg,c++,ffmpeg_dem_RAWVIDEO_fuzzer
ffmpeg,c++,ffmpeg_dem_SPDIF_fuzzer
ffmpeg,c++,ffmpeg_AV_CODEC_ID_ASV2_fuzzer
ffmpeg,c++,ffmpeg_dem_KVAG_fuzzer
ffmpeg,c++,ffmpeg_AV_CODEC_ID_SMVJPEG_fuzzer
ffmpeg,c++,ffmpeg_AV_CODEC_ID_ZMBV_fuzzer
ffmpeg,c++,ffmpeg_AV_CODEC_ID_TAK_fuzzer
ffmpeg,c++,ffmpeg_dem_S337M_fuzzer
ffmpeg,c++,ffmpeg_AV_CODEC_ID_PCM_F32BE_fuzzer
ffmpeg,c++,ffmpeg_AV_CODEC_ID_EATQI_fuzzer
ffmpeg,c++,ffmpeg_dem_EPAF_fuzzer
ffmpeg,c++,ffmpeg_AV_CODEC_ID_SUBRIP_fuzzer
ffmpeg,c++,ffmpeg_AV_CODEC_ID_SIPR_fuzzer
ffmpeg,c++,ffmpeg_AV_CODEC_ID_HAP_fuzzer
ffmpeg,c++,ffmpeg_AV_CODEC_ID_LSCR_fuzzer
ffmpeg,c++,ffmpeg_AV_CODEC_ID_MJPEGB_fuzzer
ffmpeg,c++,ffmpeg_BSF_VP9_RAW_REORDER_fuzzer
ffmpeg,c++,ffmpeg_AV_CODEC_ID_MP3FLOAT_fuzzer
ffmpeg,c++,ffmpeg_AV_CODEC_ID_BINK_fuzzer
ffmpeg,c++,ffmpeg_AV_CODEC_ID_ADPCM_SBPRO_4_fuzzer
ffmpeg,c++,ffmpeg_AV_CODEC_ID_KGV1_fuzzer
ffmpeg,c++,ffmpeg_dem_C93_fuzzer
ffmpeg,c++,ffmpeg_dem_VQF_fuzzer
ffmpeg,c++,ffmpeg_AV_CODEC_ID_TTML_fuzzer
ffmpeg,c++,ffmpeg_AV_CODEC_ID_WCMV_fuzzer
ffmpeg,c++,ffmpeg_AV_CODEC_ID_MIMIC_fuzzer
ffmpeg,c++,ffmpeg_AV_CODEC_ID_HEVC_fuzzer
ffmpeg,c++,ffmpeg_AV_CODEC_ID_KMVC_fuzzer
ffmpeg,c++,ffmpeg_BSF_NOISE_fuzzer
ffmpeg,c++,ffmpeg_dem_AST_fuzzer
ffmpeg,c++,ffmpeg_AV_CODEC_ID_VB_fuzzer
ffmpeg,c++,ffmpeg_AV_CODEC_ID_SGIRLE_fuzzer
ffmpeg,c++,ffmpeg_AV_CODEC_ID_ADPCM_IMA_MOFLEX_fuzzer
ffmpeg,c++,ffmpeg_AV_CODEC_ID_PCM_F24LE_fuzzer
ffmpeg,c++,ffmpeg_dem_IMAGE_PSD_PIPE_fuzzer
ffmpeg,c++,ffmpeg_AV_CODEC_ID_SGI_fuzzer
ffmpeg,c++,ffmpeg_dem_IMAGE_BMP_PIPE_fuzzer
ffmpeg,c++,ffmpeg_AV_CODEC_ID_DDS_fuzzer
ffmpeg,c++,ffmpeg_dem_MPL2_fuzzer
ffmpeg,c++,ffmpeg_AV_CODEC_ID_VVC_fuzzer
ffmpeg,c++,ffmpeg_AV_CODEC_ID_SP5X_fuzzer
ffmpeg,c++,ffmpeg_dem_ACT_fuzzer
ffmpeg,c++,ffmpeg_AV_CODEC_ID_MP3ADU_fuzzer
ffmpeg,c++,ffmpeg_BSF_SETTS_fuzzer
ffmpeg,c++,ffmpeg_dem_SUP_fuzzer
ffmpeg,c++,ffmpeg_AV_CODEC_ID_BRENDER_PIX_fuzzer
ffmpeg,c++,ffmpeg_BSF_HEVC_METADATA_fuzzer
ffmpeg,c++,ffmpeg_AV_CODEC_ID_SIREN_fuzzer
ffmpeg,c++,ffmpeg_dem_IMAGE2_ALIAS_PIX_fuzzer
ffmpeg,c++,ffmpeg_dem_LRC_fuzzer
ffmpeg,c++,ffmpeg_AV_CODEC_ID_VC1IMAGE_fuzzer
ffmpeg,c++,ffmpeg_BSF_SHOWINFO_fuzzer
ffmpeg,c++,ffmpeg_AV_CODEC_ID_PCM_F32LE_fuzzer
ffmpeg,c++,ffmpeg_AV_CODEC_ID_VP3_fuzzer
ffmpeg,c++,ffmpeg_AV_CODEC_ID_PCM_BLURAY_fuzzer
ffmpeg,c++,ffmpeg_BSF_VP9_METADATA_fuzzer
ffmpeg,c++,ffmpeg_AV_CODEC_ID_VP6_fuzzer
ffmpeg,c++,ffmpeg_AV_CODEC_ID_APAC_fuzzer
ffmpeg,c++,ffmpeg_AV_CODEC_ID_LIBVPX_VP9_fuzzer
ffmpeg,c++,ffmpeg_dem_PCM_VIDC_fuzzer
ffmpeg,c++,ffmpeg_AV_CODEC_ID_APE_fuzzer
ffmpeg,c++,ffmpeg_AV_CODEC_ID_XBM_fuzzer
ffmpeg,c++,ffmpeg_AV_CODEC_ID_PCX_fuzzer
ffmpeg,c++,ffmpeg_AV_CODEC_ID_ADPCM_IMA_APC_fuzzer
ffmpeg,c++,ffmpeg_AV_CODEC_ID_VP9_V4L2M2M_fuzzer
ffmpeg,c++,ffmpeg_AV_CODEC_ID_H263_fuzzer
ffmpeg,c++,ffmpeg_dem_TAK_fuzzer
ffmpeg,c++,ffmpeg_dem_STR_fuzzer
ffmpeg,c++,ffmpeg_AV_CODEC_ID_OPUS_fuzzer
ffmpeg,c++,ffmpeg_AV_CODEC_ID_TSCC2_fuzzer
ffmpeg,c++,ffmpeg_dem_ANM_fuzzer
ffmpeg,c++,ffmpeg_dem_CONCAT_fuzzer
ffmpeg,c++,ffmpeg_dem_PCM_S16LE_fuzzer
ffmpeg,c++,ffmpeg_dem_SWF_fuzzer
ffmpeg,c++,ffmpeg_dem_BMV_fuzzer
ffmpeg,c++,ffmpeg_AV_CODEC_ID_C93_fuzzer
ffmpeg,c++,ffmpeg_AV_CODEC_ID_EIGHTSVX_EXP_fuzzer
ffmpeg,c++,ffmpeg_BSF_MJPEGA_DUMP_HEADER_fuzzer
ffmpeg,c++,ffmpeg_AV_CODEC_ID_TWINVQ_fuzzer
ffmpeg,c++,ffmpeg_AV_CODEC_ID_MP2FLOAT_fuzzer
ffmpeg,c++,ffmpeg_dem_DV_fuzzer
ffmpeg,c++,ffmpeg_AV_CODEC_ID_LIBVORBIS_fuzzer
ffmpeg,c++,ffmpeg_AV_CODEC_ID_PCM_S64LE_fuzzer
ffmpeg,c++,ffmpeg_BSF_REMOVE_EXTRADATA_fuzzer
ffmpeg,c++,ffmpeg_AV_CODEC_ID_PJS_fuzzer
ffmpeg,c++,ffmpeg_dem_RSO_fuzzer
ffmpeg,c++,ffmpeg_dem_NC_fuzzer
ffmpeg,c++,ffmpeg_AV_CODEC_ID_WAVARC_fuzzer
ffmpeg,c++,ffmpeg_AV_CODEC_ID_DXV_fuzzer
ffmpeg,c++,ffmpeg_dem_H261_fuzzer
ffmpeg,c++,ffmpeg_AV_CODEC_ID_QDRAW_fuzzer
ffmpeg,c++,ffmpeg_dem_FLIC_fuzzer
ffmpeg,c++,ffmpeg_AV_CODEC_ID_MPEG4_fuzzer
ffmpeg,c++,ffmpeg_BSF_H264_REDUNDANT_PPS_fuzzer
ffmpeg,c++,ffmpeg_dem_TIERTEXSEQ_fuzzer
ffmpeg,c++,ffmpeg_dem_PCM_ALAW_fuzzer
ffmpeg,c++,ffmpeg_dem_APC_fuzzer
ffmpeg,c++,ffmpeg_AV_CODEC_ID_MSA1_fuzzer
ffmpeg,c++,ffmpeg_AV_CODEC_ID_ADPCM_XMD_fuzzer
ffmpeg,c++,ffmpeg_AV_CODEC_ID_LIBVPX_VP8_fuzzer
ffmpeg,c++,ffmpeg_AV_CODEC_ID_MMVIDEO_fuzzer
ffmpeg,c++,ffmpeg_AV_CODEC_ID_DSD_LSBF_PLANAR_fuzzer
ffmpeg,c++,ffmpeg_AV_CODEC_ID_FASTAUDIO_fuzzer
ffmpeg,c++,ffmpeg_AV_CODEC_ID_V410_fuzzer
ffmpeg,c++,ffmpeg_dem_APTX_HD_fuzzer
ffmpeg,c++,ffmpeg_dem_LMLM4_fuzzer
ffmpeg,c++,ffmpeg_AV_CODEC_ID_ALAC_fuzzer
ffmpeg,c++,ffmpeg_BSF_AV1_FRAME_SPLIT_fuzzer
ffmpeg,c++,ffmpeg_AV_CODEC_ID_SUNRAST_fuzzer
ffmpeg,c++,ffmpeg_AV_CODEC_ID_MV30_fuzzer
ffmpeg,c++,ffmpeg_AV_CODEC_ID_PPM_fuzzer
ffmpeg,c++,ffmpeg_AV_CODEC_ID_EATGQ_fuzzer
ffmpeg,c++,ffmpeg_AV_CODEC_ID_ADPCM_IMA_EA_EACS_fuzzer
ffmpeg,c++,ffmpeg_AV_CODEC_ID_AC3_FIXED_fuzzer
ffmpeg,c++,ffmpeg_AV_CODEC_ID_RSCC_fuzzer
ffmpeg,c++,ffmpeg_AV_CODEC_ID_MPL2_fuzzer
ffmpeg,c++,ffmpeg_AV_CODEC_ID_ADPCM_SBPRO_2_fuzzer
ffmpeg,c++,ffmpeg_AV_CODEC_ID_THEORA_fuzzer
ffmpeg,c++,ffmpeg_AV_CODEC_ID_MPC7_fuzzer
ffmpeg,c++,ffmpeg_dem_MPSUB_fuzzer
ffmpeg,c++,ffmpeg_AV_CODEC_ID_ADPCM_YAMAHA_fuzzer
ffmpeg,c++,ffmpeg_AV_CODEC_ID_PCM_F16LE_fuzzer
ffmpeg,c++,ffmpeg_dem_IMAGE_JPEGLS_PIPE_fuzzer
ffmpeg,c++,ffmpeg_dem_MPEGVIDEO_fuzzer
ffmpeg,c++,ffmpeg_AV_CODEC_ID_ADPCM_AFC_fuzzer
ffmpeg,c++,ffmpeg_AV_CODEC_ID_MPEG2VIDEO_fuzzer
ffmpeg,c++,ffmpeg_AV_CODEC_ID_MISC4_fuzzer
ffmpeg,c++,ffmpeg_AV_CODEC_ID_VPLAYER_fuzzer
ffmpeg,c++,ffmpeg_AV_CODEC_ID_BMV_VIDEO_fuzzer
ffmpeg,c++,ffmpeg_AV_CODEC_ID_MSMPEG4V2_fuzzer
ffmpeg,c++,ffmpeg_dem_QOA_fuzzer
ffmpeg,c++,ffmpeg_AV_CODEC_ID_MVC2_fuzzer
ffmpeg,c++,ffmpeg_dem_IMAGE_PGMYUV_PIPE_fuzzer
ffmpeg,c++,ffmpeg_AV_CODEC_ID_MPEG1VIDEO_fuzzer
ffmpeg,c++,ffmpeg_dem_EA_CDATA_fuzzer
ffmpeg,c++,ffmpeg_AV_CODEC_ID_QDMC_fuzzer
ffmpeg,c++,ffmpeg_AV_CODEC_ID_DSD_LSBF_fuzzer
ffmpeg,c++,ffmpeg_AV_CODEC_ID_VP4_fuzzer
ffmpeg,c++,ffmpeg_AV_CODEC_ID_DST_fuzzer
ffmpeg,c++,ffmpeg_AV_CODEC_ID_LOCO_fuzzer
ffmpeg,c++,ffmpeg_dem_IMAGE_WEBP_PIPE_fuzzer
ffmpeg,c++,ffmpeg_AV_CODEC_ID_FIC_fuzzer
ffmpeg,c++,ffmpeg_AV_CODEC_ID_CYUV_fuzzer
ffmpeg,c++,ffmpeg_dem_IDF_fuzzer
ffmpeg,c++,ffmpeg_AV_CODEC_ID_DSICINVIDEO_fuzzer
ffmpeg,c++,ffmpeg_dem_PCM_U16LE_fuzzer
ffmpeg,c++,ffmpeg_dem_MMF_fuzzer
ffmpeg,c++,ffmpeg_dem_TTY_fuzzer
ffmpeg,c++,ffmpeg_dem_SVAG_fuzzer
ffmpeg,c++,ffmpeg_AV_CODEC_ID_R10K_fuzzer
ffmpeg,c++,ffmpeg_AV_CODEC_ID_PNG_fuzzer
ffmpeg,c++,ffmpeg_AV_CODEC_ID_H264_fuzzer
ffmpeg,c++,ffmpeg_AV_CODEC_ID_XAN_WC3_fuzzer
ffmpeg,c++,ffmpeg_dem_IMAGE_CRI_PIPE_fuzzer
ffmpeg,c++,ffmpeg_AV_CODEC_ID_UTVIDEO_fuzzer
ffmpeg,c++,ffmpeg_AV_CODEC_ID_METASOUND_fuzzer
ffmpeg,c++,ffmpeg_dem_FRM_fuzzer
ffmpeg,c++,ffmpeg_dem_WSD_fuzzer
ffmpeg,c++,ffmpeg_AV_CODEC_ID_AVRP_fuzzer
ffmpeg,c++,ffmpeg_dem_MOV_fuzzer
ffmpeg,c++,ffmpeg_AV_CODEC_ID_SMACKER_fuzzer
ffmpeg,c++,ffmpeg_AV_CODEC_ID_INDEO4_fuzzer
ffmpeg,c++,ffmpeg_AV_CODEC_ID_SONIC_LS_fuzzer
ffmpeg,c++,ffmpeg_AV_CODEC_ID_DVBSUB_fuzzer
ffmpeg,c++,ffmpeg_AV_CODEC_ID_ADPCM_IMA_EA_SEAD_fuzzer
ffmpeg,c++,ffmpeg_dem_MPC8_fuzzer
ffmpeg,c++,ffmpeg_AV_CODEC_ID_PCM_S64BE_fuzzer
ffmpeg,c++,ffmpeg_AV_CODEC_ID_INDEO5_fuzzer
ffmpeg,c++,ffmpeg_dem_CINE_fuzzer
ffmpeg,c++,ffmpeg_AV_CODEC_ID_PCM_LXF_fuzzer
ffmpeg,c++,ffmpeg_dem_IMAGE_QDRAW_PIPE_fuzzer
ffmpeg,c++,ffmpeg_dem_NISTSPHERE_fuzzer
ffmpeg,c++,ffmpeg_dem_MCC_fuzzer
ffmpeg,c++,ffmpeg_dem_PDV_fuzzer
ffmpeg,c++,ffmpeg_AV_CODEC_ID_DNXHD_fuzzer
ffmpeg,c++,ffmpeg_dem_HEVC_fuzzer
ffmpeg,c++,ffmpeg_dem_VIVIDAS_fuzzer
ffmpeg,c++,ffmpeg_BSF_OPUS_METADATA_fuzzer
ffmpeg,c++,ffmpeg_dem_ISS_fuzzer
ffmpeg,c++,ffmpeg_AV_CODEC_ID_WS_SND1_fuzzer
ffmpeg,c++,ffmpeg_AV_CODEC_ID_PCM_S8_fuzzer
ffmpeg,c++,ffmpeg_AV_CODEC_ID_RA_288_fuzzer
ffmpeg,c++,ffmpeg_BSF_VVC_MP4TOANNEXB_fuzzer
ffmpeg,c++,ffmpeg_AV_CODEC_ID_CCAPTION_fuzzer
ffmpeg,c++,ffmpeg_AV_CODEC_ID_WMALOSSLESS_fuzzer
ffmpeg,c++,ffmpeg_dem_FITS_fuzzer
ffmpeg,c++,ffmpeg_dem_GSM_fuzzer
ffmpeg,c++,ffmpeg_dem_SER_fuzzer
ffmpeg,c++,ffmpeg_AV_CODEC_ID_AAC_LATM_fuzzer
ffmpeg,c++,ffmpeg_dem_GDV_fuzzer
ffmpeg,c++,ffmpeg_dem_DSF_fuzzer
ffmpeg,c++,ffmpeg_dem_AC3_fuzzer
ffmpeg,c++,ffmpeg_dem_APE_fuzzer
ffmpeg,c++,ffmpeg_BSF_DV_ERROR_MARKER_fuzzer
ffmpeg,c++,ffmpeg_AV_CODEC_ID_ASV1_fuzzer
ffmpeg,c++,ffmpeg_BSF_NULL_fuzzer
ffmpeg,c++,ffmpeg_AV_CODEC_ID_PFM_fuzzer
ffmpeg,c++,ffmpeg_AV_CODEC_ID_APTX_HD_fuzzer
ffmpeg,c++,ffmpeg_AV_CODEC_ID_BONK_fuzzer
ffmpeg,c++,ffmpeg_dem_XMV_fuzzer
ffmpeg,c++,ffmpeg_AV_CODEC_ID_ADPCM_MTAF_fuzzer
ffmpeg,c++,ffmpeg_AV_CODEC_ID_TRUEMOTION2_fuzzer
ffmpeg,c++,ffmpeg_dem_PCM_S24BE_fuzzer
ffmpeg,c++,ffmpeg_AV_CODEC_ID_AURA_fuzzer
ffmpeg,c++,ffmpeg_dem_AVR_fuzzer
ffmpeg,c++,ffmpeg_DEMUXER_fuzzer
ffmpeg,c++,ffmpeg_dem_XA_fuzzer
ffmpeg,c++,ffmpeg_dem_PCM_U16BE_fuzzer
ffmpeg,c++,ffmpeg_AV_CODEC_ID_EAMAD_fuzzer
ffmpeg,c++,ffmpeg_dem_VOBSUB_fuzzer
ffmpeg,c++,ffmpeg_dem_IMAGE_PGX_PIPE_fuzzer
ffmpeg,c++,ffmpeg_AV_CODEC_ID_DVVIDEO_fuzzer
ffmpeg,c++,ffmpeg_AV_CODEC_ID_VMDAUDIO_fuzzer
ffmpeg,c++,ffmpeg_AV_CODEC_ID_MLP_fuzzer
ffmpeg,c++,ffmpeg_BSF_H264_MP4TOANNEXB_fuzzer
ffmpeg,c++,ffmpeg_dem_BONK_fuzzer
ffmpeg,c++,ffmpeg_BSF_DCA_CORE_fuzzer
ffmpeg,c++,ffmpeg_AV_CODEC_ID_ALS_fuzzer
ffmpeg,c++,ffmpeg_dem_IRCAM_fuzzer
ffmpeg,c++,ffmpeg_dem_IVR_fuzzer
ffmpeg,c++,ffmpeg_AV_CODEC_ID_ADPCM_ZORK_fuzzer
ffmpeg,c++,ffmpeg_AV_CODEC_ID_WEBP_fuzzer
ffmpeg,c++,ffmpeg_dem_IMAGE2PIPE_fuzzer
ffmpeg,c++,ffmpeg_AV_CODEC_ID_GIF_fuzzer
ffmpeg,c++,ffmpeg_dem_IMAGE_JPEGXL_PIPE_fuzzer
ffmpeg,c++,ffmpeg_AV_CODEC_ID_GSM_fuzzer
ffmpeg,c++,ffmpeg_AV_CODEC_ID_APTX_fuzzer
ffmpeg,c++,ffmpeg_AV_CODEC_ID_COOK_fuzzer
ffmpeg,c++,ffmpeg_AV_CODEC_ID_RAWVIDEO_fuzzer
ffmpeg,c++,ffmpeg_dem_IMAGE_SVG_PIPE_fuzzer
ffmpeg,c++,ffmpeg_AV_CODEC_ID_QCELP_fuzzer
ffmpeg,c++,ffmpeg_AV_CODEC_ID_SPEEDHQ_fuzzer
ffmpeg,c++,ffmpeg_dem_OSQ_fuzzer
ffmpeg,c++,ffmpeg_AV_CODEC_ID_YOP_fuzzer
ffmpeg,c++,ffmpeg_AV_CODEC_ID_DFA_fuzzer
ffmpeg,c++,ffmpeg_dem_USM_fuzzer
ffmpeg,c++,ffmpeg_AV_CODEC_ID_DSD_MSBF_fuzzer
ffmpeg,c++,ffmpeg_dem_FLAC_fuzzer
ffmpeg,c++,ffmpeg_AV_CODEC_ID_MSRLE_fuzzer
ffmpeg,c++,ffmpeg_AV_CODEC_ID_PGMYUV_fuzzer
ffmpeg,c++,ffmpeg_dem_AEA_fuzzer
ffmpeg,c++,ffmpeg_AV_CODEC_ID_SDX2_DPCM_fuzzer
ffmpeg,c++,ffmpeg_AV_CODEC_ID_AMRWB_fuzzer
ffmpeg,c++,ffmpeg_dem_HCA_fuzzer
ffmpeg,c++,ffmpeg_AV_CODEC_ID_MAGICYUV_fuzzer
ffmpeg,c++,ffmpeg_dem_IMF_fuzzer
ffmpeg,c++,ffmpeg_AV_CODEC_ID_TRUESPEECH_fuzzer
ffmpeg,c++,ffmpeg_dem_ALP_fuzzer
ffmpeg,c++,ffmpeg_AV_CODEC_ID_RTV1_fuzzer
ffmpeg,c++,ffmpeg_AV_CODEC_ID_SHORTEN_fuzzer
ffmpeg,c++,ffmpeg_dem_PCM_U32LE_fuzzer
ffmpeg,c++,ffmpeg_dem_VVC_fuzzer
ffmpeg,c++,ffmpeg_AV_CODEC_ID_MXPEG_fuzzer
ffmpeg,c++,ffmpeg_dem_APNG_fuzzer
ffmpeg,c++,ffmpeg_dem_WSVQA_fuzzer
ffmpeg,c++,ffmpeg_AV_CODEC_ID_MSNSIREN_fuzzer
ffmpeg,c++,ffmpeg_BSF_TRUEHD_CORE_fuzzer
ffmpeg,c++,ffmpeg_AV_CODEC_ID_GEM_fuzzer
ffmpeg,c++,ffmpeg_dem_MXG_fuzzer
ffmpeg,c++,ffmpeg_AV_CODEC_ID_ANSI_fuzzer
ffmpeg,c++,ffmpeg_AV_CODEC_ID_BINTEXT_fuzzer
ffmpeg,c++,ffmpeg_AV_CODEC_ID_A64MULTI5_fuzzer
ffmpeg,c++,ffmpeg_AV_CODEC_ID_ADPCM_EA_MAXIS_XA_fuzzer
ffmpeg,c++,ffmpeg_AV_CODEC_ID_CINEPAK_fuzzer
ffmpeg,c++,ffmpeg_AV_CODEC_ID_MP3ON4_fuzzer
ffmpeg,c++,ffmpeg_dem_PCM_U32BE_fuzzer
ffmpeg,c++,ffmpeg_AV_CODEC_ID_ALIAS_PIX_fuzzer
ffmpeg,c++,ffmpeg_dem_MODS_fuzzer
ffmpeg,c++,ffmpeg_dem_WEBVTT_fuzzer
ffmpeg,c++,ffmpeg_dem_APAC_fuzzer
ffmpeg,c++,ffmpeg_AV_CODEC_ID_ZLIB_fuzzer
ffmpeg,c++,ffmpeg_AV_CODEC_ID_VP8_fuzzer
ffmpeg,c++,ffmpeg_AV_CODEC_ID_ADPCM_THP_fuzzer
ffmpeg,c++,ffmpeg_BSF_AV1_FRAME_MERGE_fuzzer
ffmpeg,c++,ffmpeg_AV_CODEC_ID_QOI_fuzzer
ffmpeg,c++,ffmpeg_dem_V210_fuzzer
ffmpeg,c++,ffmpeg_dem_AU_fuzzer
ffmpeg,c++,ffmpeg_SWS_fuzzer
ffmpeg,c++,ffmpeg_AV_CODEC_ID_CAVS_fuzzer
ffmpeg,c++,ffmpeg_dem_TY_fuzzer
ffmpeg,c++,ffmpeg_BSF_VP9_SUPERFRAME_fuzzer
ffmpeg,c++,ffmpeg_AV_CODEC_ID_ANM_fuzzer
ffmpeg,c++,ffmpeg_AV_CODEC_ID_BMP_fuzzer
ffmpeg,c++,ffmpeg_AV_CODEC_ID_PCM_S32BE_fuzzer
ffmpeg,c++,ffmpeg_AV_CODEC_ID_AVS_fuzzer
ffmpeg,c++,ffmpeg_dem_IMAGE_JPEG_PIPE_fuzzer
ffmpeg,c++,ffmpeg_dem_MSF_fuzzer
ffmpeg,c++,ffmpeg_AV_CODEC_ID_TARGA_fuzzer
ffmpeg,c++,ffmpeg_dem_IMAGE_PHOTOCD_PIPE_fuzzer
ffmpeg,c++,ffmpeg_AV_CODEC_ID_AURA2_fuzzer
ffmpeg,c++,ffmpeg_BSF_MEDIA100_TO_MJPEGB_fuzzer
ffmpeg,c++,ffmpeg_AV_CODEC_ID_SVQ1_fuzzer
ffmpeg,c++,ffmpeg_dem_IVF_fuzzer
ffmpeg,c++,ffmpeg_AV_CODEC_ID_RA_144_fuzzer
ffmpeg,c++,ffmpeg_AV_CODEC_ID_JV_fuzzer
ffmpeg,c++,ffmpeg_AV_CODEC_ID_DVAUDIO_fuzzer
ffmpeg,c++,ffmpeg_AV_CODEC_ID_GSM_MS_fuzzer
ffmpeg,c++,ffmpeg_dem_MATROSKA_fuzzer
ffmpeg,c++,ffmpeg_AV_CODEC_ID_ADPCM_EA_R2_fuzzer
ffmpeg,c++,ffmpeg_AV_CODEC_ID_AAC_fuzzer
ffmpeg,c++,ffmpeg_AV_CODEC_ID_PCM_S16BE_fuzzer
ffmpeg,c++,ffmpeg_AV_CODEC_ID_QDM2_fuzzer
ffmpeg,c++,ffmpeg_AV_CODEC_ID_HNM4_VIDEO_fuzzer
ffmpeg,c++,ffmpeg_dem_CODEC2_fuzzer
ffmpeg,c++,ffmpeg_AV_CODEC_ID_AC3_fuzzer
ffmpeg,c++,ffmpeg_dem_FILMSTRIP_fuzzer
ffmpeg,c++,ffmpeg_dem_AMRWB_fuzzer
ffmpeg,c++,ffmpeg_AV_CODEC_ID_FMVC_fuzzer
ffmpeg,c++,ffmpeg_AV_CODEC_ID_FFV1_fuzzer
ffmpeg,c++,ffmpeg_AV_CODEC_ID_FFWAVESYNTH_fuzzer
ffmpeg,c++,ffmpeg_AV_CODEC_ID_ADPCM_IMA_DAT4_fuzzer
ffmpeg,c++,ffmpeg_BSF_HAPQA_EXTRACT_fuzzer
ffmpeg,c++,ffmpeg_dem_MGSTS_fuzzer
ffmpeg,c++,ffmpeg_AV_CODEC_ID_EAC3_fuzzer
ffmpeg,c++,ffmpeg_AV_CODEC_ID_TARGA_Y216_fuzzer
ffmpeg,c++,ffmpeg_AV_CODEC_ID_INDEO2_fuzzer
ffmpeg,c++,ffmpeg_dem_BINTEXT_fuzzer
ffmpeg,c++,ffmpeg_dem_DTS_fuzzer
ffmpeg,c++,ffmpeg_AV_CODEC_ID_PCM_U24LE_fuzzer
ffmpeg,c++,ffmpeg_AV_CODEC_ID_IPU_fuzzer
ffmpeg,c++,ffmpeg_AV_CODEC_ID_SHEERVIDEO_fuzzer
ffmpeg,c++,ffmpeg_dem_CDXL_fuzzer
ffmpeg,c++,ffmpeg_AV_CODEC_ID_HYMT_fuzzer
ffmpeg,c++,ffmpeg_AV_CODEC_ID_HEVC_V4L2M2M_fuzzer
ffmpeg,c++,ffmpeg_dem_ARGO_CVG_fuzzer
ffmpeg,c++,ffmpeg_AV_CODEC_ID_XL_fuzzer
ffmpeg,c++,ffmpeg_dem_FWSE_fuzzer
ffmpeg,c++,ffmpeg_dem_IMAGE_XPM_PIPE_fuzzer
ffmpeg,c++,ffmpeg_AV_CODEC_ID_MP3ADUFLOAT_fuzzer
ffmpeg,c++,ffmpeg_dem_SDR2_fuzzer
ffmpeg,c++,ffmpeg_AV_CODEC_ID_FLASHSV_fuzzer
ffmpeg,c++,ffmpeg_dem_ADX_fuzzer
ffmpeg,c++,ffmpeg_AV_CODEC_ID_MSCC_fuzzer
ffmpeg,c++,ffmpeg_AV_CODEC_ID_ARBC_fuzzer
ffmpeg,c++,ffmpeg_BSF_VVC_METADATA_fuzzer
ffmpeg,c++,ffmpeg_AV_CODEC_ID_PCM_S16LE_PLANAR_fuzzer
ffmpeg,c++,ffmpeg_AV_CODEC_ID_LIBFDK_AAC_fuzzer
ffmpeg,c++,ffmpeg_AV_CODEC_ID_H263_V4L2M2M_fuzzer
ffmpeg,c++,ffmpeg_dem_RKA_fuzzer
ffmpeg,c++,ffmpeg_dem_NSV_fuzzer
ffmpeg,c++,ffmpeg_AV_CODEC_ID_ATRAC9_fuzzer
ffmpeg,c++,ffmpeg_dem_SBG_fuzzer
ffmpeg,c++,ffmpeg_dem_SDX_fuzzer
ffmpeg,c++,ffmpeg_dem_R3D_fuzzer
ffmpeg,c++,ffmpeg_AV_CODEC_ID_DXA_fuzzer
ffmpeg,c++,ffmpeg_dem_MVI_fuzzer
ffmpeg,c++,ffmpeg_AV_CODEC_ID_WMV3_fuzzer
ffmpeg,c++,ffmpeg_dem_SCC_fuzzer
ffmpeg,c++,ffmpeg_AV_CODEC_ID_MTS2_fuzzer
ffmpeg,c++,ffmpeg_dem_VPK_fuzzer
ffmpeg,c++,ffmpeg_AV_CODEC_ID_Y41P_fuzzer
ffmpeg,c++,ffmpeg_dem_THP_fuzzer
ffmpeg,c++,ffmpeg_AV_CODEC_ID_PCM_F64BE_fuzzer
ffmpeg,c++,ffmpeg_AV_CODEC_ID_MP3ON4FLOAT_fuzzer
ffmpeg,c++,ffmpeg_AV_CODEC_ID_MEDIA100_fuzzer
ffmpeg,c++,ffmpeg_dem_VPLAYER_fuzzer
ffmpeg,c++,ffmpeg_AV_CODEC_ID_PAF_AUDIO_fuzzer
ffmpeg,c++,ffmpeg_AV_CODEC_ID_SRGC_fuzzer
ffmpeg,c++,ffmpeg_AV_CODEC_ID_VC2_fuzzer
ffmpeg,c++,ffmpeg_AV_CODEC_ID_TRUEMOTION1_fuzzer
ffmpeg,c++,ffmpeg_dem_JV_fuzzer
ffmpeg,c++,ffmpeg_dem_SEGAFILM_fuzzer
ffmpeg,c++,ffmpeg_AV_CODEC_ID_PGM_fuzzer
ffmpeg,c++,ffmpeg_AV_CODEC_ID_ZERO12V_fuzzer
ffmpeg,c++,ffmpeg_AV_CODEC_ID_TRUEMOTION2RT_fuzzer
ffmpeg,c++,ffmpeg_AV_CODEC_ID_FLIC_fuzzer
ffmpeg,c++,ffmpeg_AV_CODEC_ID_PHM_fuzzer
ffmpeg,c++,ffmpeg_dem_IDCIN_fuzzer
ffmpeg,c++,ffmpeg_AV_CODEC_ID_LJPEG_fuzzer
ffmpeg,c++,ffmpeg_dem_ARGO_BRP_fuzzer
ffmpeg,c++,ffmpeg_dem_GENH_fuzzer
ffmpeg,c++,ffmpeg_dem_DVBTXT_fuzzer
ffmpeg,c++,ffmpeg_dem_SGA_fuzzer
ffmpeg,c++,ffmpeg_dem_LC3_fuzzer
ffmpeg,c++,ffmpeg_dem_ASF_fuzzer
ffmpeg,c++,ffmpeg_BSF_H264_METADATA_fuzzer
ffmpeg,c++,ffmpeg_AV_CODEC_ID_NUV_fuzzer
ffmpeg,c++,ffmpeg_AV_CODEC_ID_PCM_F64LE_fuzzer
ffmpeg,c++,ffmpeg_dem_IMAGE_TIFF_PIPE_fuzzer
ffmpeg,c++,ffmpeg_AV_CODEC_ID_TEXT_fuzzer
ffmpeg,c++,ffmpeg_BSF_EXTRACT_EXTRADATA_fuzzer
ffmpeg,c++,ffmpeg_AV_CODEC_ID_EACMV_fuzzer
ffmpeg,c++,ffmpeg_AV_CODEC_ID_V308_fuzzer
ffmpeg,c++,ffmpeg_dem_SIFF_fuzzer
ffmpeg,c++,ffmpeg_AV_CODEC_ID_PCM_U16LE_fuzzer
ffmpeg,c++,ffmpeg_dem_IMAGE_SUNRAST_PIPE_fuzzer
ffmpeg,c++,ffmpeg_dem_W64_fuzzer
ffmpeg,c++,ffmpeg_AV_CODEC_ID_BETHSOFTVID_fuzzer
ffmpeg,c++,ffmpeg_AV_CODEC_ID_RV20_fuzzer
ffmpeg,c++,ffmpeg_dem_MPEGTS_fuzzer
ffmpeg,c++,ffmpeg_AV_CODEC_ID_ADPCM_ARGO_fuzzer
ffmpeg,c++,ffmpeg_AV_CODEC_ID_G723_1_fuzzer
ffmpeg,c++,ffmpeg_AV_CODEC_ID_MDEC_fuzzer
ffmpeg,c++,ffmpeg_AV_CODEC_ID_PAM_fuzzer
ffmpeg,c++,ffmpeg_dem_VOC_fuzzer
ffmpeg,c++,ffmpeg_dem_BOA_fuzzer
ffmpeg,c++,ffmpeg_AV_CODEC_ID_ROQ_DPCM_fuzzer
ffmpeg,c++,ffmpeg_BSF_TRACE_HEADERS_fuzzer
ffmpeg,c++,ffmpeg_dem_IMAGE_XBM_PIPE_fuzzer
ffmpeg,c++,ffmpeg_dem_MPEGTSRAW_fuzzer
ffmpeg,c++,ffmpeg_AV_CODEC_ID_PCM_S24LE_PLANAR_fuzzer
ffmpeg,c++,ffmpeg_AV_CODEC_ID_AV1_fuzzer
ffmpeg,c++,ffmpeg_AV_CODEC_ID_CBD2_DPCM_fuzzer
ffmpeg,c++,ffmpeg_BSF_MPEG4_UNPACK_BFRAMES_fuzzer
ffmpeg,c++,ffmpeg_AV_CODEC_ID_PAF_VIDEO_fuzzer
ffmpeg,c++,ffmpeg_dem_IMAGE_PFM_PIPE_fuzzer
ffmpeg,c++,ffmpeg_dem_DSICIN_fuzzer
ffmpeg,c++,ffmpeg_AV_CODEC_ID_SOL_DPCM_fuzzer
ffmpeg,c++,ffmpeg_AV_CODEC_ID_VP6A_fuzzer
ffmpeg,c++,ffmpeg_dem_ROQ_fuzzer
ffmpeg,c++,ffmpeg_AV_CODEC_ID_IMC_fuzzer
ffmpeg,c++,ffmpeg_AV_CODEC_ID_DSS_SP_fuzzer
ffmpeg,c++,ffmpeg_dem_IMAGE_GEM_PIPE_fuzzer
ffmpeg,c++,ffmpeg_dem_XVAG_fuzzer
ffmpeg,c++,ffmpeg_dem_ICO_fuzzer
ffmpeg,c++,ffmpeg_dem_IMAGE2_fuzzer
ffmpeg,c++,ffmpeg_AV_CODEC_ID_TXD_fuzzer
ffmpeg,c++,ffmpeg_AV_CODEC_ID_ADPCM_IMA_ALP_fuzzer
ffmpeg,c++,ffmpeg_dem_DIRAC_fuzzer
ffmpeg,c++,ffmpeg_AV_CODEC_ID_THP_fuzzer
ffmpeg,c++,ffmpeg_AV_CODEC_ID_CLJR_fuzzer
ffmpeg,c++,ffmpeg_AV_CODEC_ID_H263P_fuzzer
ffmpeg,c++,ffmpeg_AV_CODEC_ID_ADPCM_VIMA_fuzzer
ffmpeg,c++,ffmpeg_AV_CODEC_ID_VCR1_fuzzer
ffmpeg,c++,ffmpeg_dem_IMAGE_J2K_PIPE_fuzzer
ffmpeg,c++,ffmpeg_AV_CODEC_ID_SMACKAUD_fuzzer
ffmpeg,c++,ffmpeg_BSF_VP9_SUPERFRAME_SPLIT_fuzzer
ffmpeg,c++,ffmpeg_AV_CODEC_ID_DOLBY_E_fuzzer
ffmpeg,c++,ffmpeg_AV_CODEC_ID_LIBOPUS_fuzzer
ffmpeg,c++,ffmpeg_dem_BRSTM_fuzzer
ffmpeg,c++,ffmpeg_AV_CODEC_ID_DPX_fuzzer
ffmpeg,c++,ffmpeg_dem_SDS_fuzzer
ffmpeg,c++,ffmpeg_dem_AVS2_fuzzer
ffmpeg,c++,ffmpeg_dem_ASS_fuzzer
ffmpeg,c++,ffmpeg_AV_CODEC_ID_ADPCM_CT_fuzzer
ffmpeg,c++,ffmpeg_AV_CODEC_ID_PSD_fuzzer
ffmpeg,c++,ffmpeg_dem_AAC_fuzzer
ffmpeg,c++,ffmpeg_dem_IMAGE_XWD_PIPE_fuzzer
ffmpeg,c++,ffmpeg_AV_CODEC_ID_PCM_ALAW_fuzzer
ffmpeg,c++,ffmpeg_dem_WADY_fuzzer
ffmpeg,c++,ffmpeg_AV_CODEC_ID_XMA1_fuzzer
ffmpeg,c++,ffmpeg_dem_GXF_fuzzer
ffmpeg,c++,ffmpeg_dem_ASF_O_fuzzer
ffmpeg,c++,ffmpeg_dem_RM_fuzzer
ffmpeg,c++,ffmpeg_dem_MJPEG_2000_fuzzer
ffmpeg,c++,ffmpeg_AV_CODEC_ID_ADPCM_AGM_fuzzer
ffmpeg,c++,ffmpeg_AV_CODEC_ID_FLAC_fuzzer
ffmpeg,c++,ffmpeg_dem_WTV_fuzzer
ffmpeg,c++,ffmpeg_dem_NSP_fuzzer
ffmpeg,c++,ffmpeg_dem_BETHSOFTVID_fuzzer
ffmpeg,c++,ffmpeg_AV_CODEC_ID_PCM_S16LE_fuzzer
ffmpeg,c++,ffmpeg_BSF_AAC_ADTSTOASC_fuzzer
ffmpeg,c++,ffmpeg_AV_CODEC_ID_AGM_fuzzer
ffmpeg,c++,ffmpeg_AV_CODEC_ID_ADPCM_ADX_fuzzer
ffmpeg,c++,ffmpeg_AV_CODEC_ID_ADPCM_IMA_CUNNING_fuzzer
ffmpeg,c++,ffmpeg_AV_CODEC_ID_PCM_U32LE_fuzzer
ffmpeg,c++,ffmpeg_dem_IMAGE_PICTOR_PIPE_fuzzer
ffmpeg,c++,ffmpeg_dem_DASH_fuzzer
ffmpeg,c++,ffmpeg_AV_CODEC_ID_SIMBIOSIS_IMX_fuzzer
ffmpeg,c++,ffmpeg_dem_SMUSH_fuzzer
ffmpeg,c++,ffmpeg_dem_PCM_S16BE_fuzzer
ffmpeg,c++,ffmpeg_AV_CODEC_ID_BFI_fuzzer
ffmpeg,c++,ffmpeg_AV_CODEC_ID_ATRAC3_fuzzer
ffmpeg,c++,ffmpeg_dem_AC4_fuzzer
file,c++,magic_fuzzer
file,c++,magic_fuzzer_loaddb
file,c++,magic_fuzzer_fd
fio,c++,fuzz_parseini
flac,c++,fuzzer_encoder
flac,c++,fuzzer_tool_flac
flac,c++,fuzzer_reencoder
flac,c++,fuzzer_tool_metaflac
flac,c++,fuzzer_encoder_v2
flac,c++,fuzzer_seek
flac,c++,fuzzer_exo
flac,c++,fuzzer_decoder
flac,c++,fuzzer_metadata
fluent-bit,c++,flb-it-fuzz-pack_json_state_fuzzer_OSSFUZZ
fluent-bit,c++,flb-it-fuzz-config_random_fuzzer_OSSFUZZ
fluent-bit,c++,flb-it-fuzz-config_map_fuzzer_OSSFUZZ
fluent-bit,c++,flb-it-fuzz-http_fuzzer_OSSFUZZ
fluent-bit,c++,flb-it-fuzz-multiline_fuzzer_OSSFUZZ
fluent-bit,c++,flb-it-fuzz-record_ac_fuzzer_OSSFUZZ
fluent-bit,c++,flb-it-fuzz-base64_fuzzer_OSSFUZZ
fluent-bit,c++,flb-it-fuzz-cmetrics_decode_fuzz_OSSFUZZ
fluent-bit,c++,flb-it-fuzz-ctrace_fuzzer_OSSFUZZ
fluent-bit,c++,flb-it-fuzz-msgpack_to_gelf_fuzzer_OSSFUZZ
fluent-bit,c++,flb-it-fuzz-input_fuzzer_OSSFUZZ
fluent-bit,c++,flb-it-fuzz-strp_fuzzer_OSSFUZZ
fluent-bit,c++,flb-it-fuzz-aws_credentials_fuzzer_OSSFUZZ
fluent-bit,c++,flb-it-fuzz-parse_logfmt_fuzzer_OSSFUZZ
fluent-bit,c++,flb-it-fuzz-flb_json_fuzzer_OSSFUZZ
fluent-bit,c++,flb-it-fuzz-utils_fuzzer_OSSFUZZ
fluent-bit,c++,flb-it-fuzz-engine_fuzzer_OSSFUZZ
fluent-bit,c++,flb-it-fuzz-config_yaml_fuzzer_OSSFUZZ
fluent-bit,c++,flb-it-fuzz-msgpack_parse_fuzzer_OSSFUZZ
fluent-bit,c++,flb-it-fuzz-parser_fuzzer_OSSFUZZ
fluent-bit,c++,flb-it-fuzz-config_fuzzer_OSSFUZZ
fluent-bit,c++,flb-it-fuzz-fstore_fuzzer_OSSFUZZ
fluent-bit,c++,flb-it-fuzz-parse_json_fuzzer_OSSFUZZ
fluent-bit,c++,flb-it-fuzz-flb_mp_fuzzer_OSSFUZZ
fluent-bit,c++,flb-it-fuzz-signv4_fuzzer_OSSFUZZ
fluent-bit,c++,flb-it-fuzz-filter_stdout_fuzzer_OSSFUZZ
fluent-bit,c++,flb-it-fuzz-aws_util_fuzzer_OSSFUZZ
fluent-bit,c++,flb-it-fuzz-parse_ltsv_fuzzer_OSSFUZZ
freetype2,c++,type42-render
freetype2,c++,colrv1
freetype2,c++,pcf-render
freetype2,c++,glyphs-outlines
freetype2,c++,bzip2
freetype2,c++,type1-render
freetype2,c++,type1-ftengine
freetype2,c++,cff-render-ftengine
freetype2,c++,cidtype1-render
freetype2,c++,cff-render
freetype2,c++,pcf
freetype2,c++,truetype-render
freetype2,c++,cff
freetype2,c++,bdf
freetype2,c++,type1-tar
freetype2,c++,cidtype1
freetype2,c++,bdf-render
freetype2,c++,lzw
freetype2,c++,gzip
freetype2,c++,windowsfnt
freetype2,c++,type1-render-ftengine
freetype2,c++,cidtype1-ftengine
freetype2,c++,cff-ftengine
freetype2,c++,truetype-render-i35
freetype2,c++,type42
freetype2,c++,type1-render-tar
freetype2,c++,windowsfnt-render
freetype2,c++,truetype-render-i38
freetype2,c++,glyphs-bitmaps-pcf
freetype2,c++,type1
freetype2,c++,ftfuzzer
freetype2,c++,truetype
freetype2,c++,cidtype1-render-ftengine
gdal,c++,ogr_miramon_fuzzer
gdal,c++,isce_fuzzer
gdal,c++,ehdr_fuzzer
gdal,c++,cad_fuzzer
gdal,c++,dimap_fuzzer
gdal,c++,gdal_vrt_fuzzer
gdal,c++,filename_fuzzer
gdal,c++,adrg_fuzzer
gdal,c++,mrf_fuzzer
gdal,c++,gdal_filesystem_fuzzer
gdal,c++,ers_fuzzer
gdal,c++,gmlas_fuzzer
gdal,c++,mitab_mif_fuzzer
gdal,c++,xlsx_fuzzer
gdal,c++,rraster_fuzzer
gdal,c++,gml_geom_import_fuzzer
gdal,c++,srp_fuzzer
gdal,c++,osr_set_from_user_input_fuzzer
gdal,c++,avce00_fuzzer
gdal,c++,gdal_vector_translate_fuzzer
gdal,c++,fgb_fuzzer
gdal,c++,aig_fuzzer
gdal,c++,wasp_fuzzer
gdal,c++,dxf_fuzzer
gdal,c++,ogr_filesystem_fuzzer
gdal,c++,ogr_sdts_fuzzer
gdal,c++,spatialite_geom_import_fuzzer
gdal,c++,zarr_fuzzer
gdal,c++,csv_fuzzer
gdal,c++,ods_fuzzer
gdal,c++,openfilegdb_fuzzer
gdal,c++,hfa_fuzzer
gdal,c++,envi_fuzzer
gdal,c++,genbin_fuzzer
gdal,c++,mitab_tab_fuzzer
gdal,c++,wkt_import_fuzzer
gdal,c++,get_jpeg2000_structure_fuzzer
gdal,c++,gtiff_fuzzer
gdal,c++,ogr_fuzzer
gdal,c++,avcbin_fuzzer
gdal,c++,lvbag_fuzzer
gdal,c++,gdal_fuzzer
gdal,c++,roipac_fuzzer
gdal,c++,gml_fuzzer
gdal,c++,shape_fuzzer
gdal,c++,gdal_translate_fuzzer
gdal,c++,wkb_import_fuzzer
gdal,c++,gtiff_mmap
gdal,c++,gdal_sdts_fuzzer
gdbm,c,gdbm_fuzzer
gdk-pixbuf,c,stream_fuzzer
gdk-pixbuf,c,pixbuf_scale_fuzzer
gdk-pixbuf,c,animation_fuzzer
gdk-pixbuf,c,pixbuf_cons_fuzzer
gdk-pixbuf,c,pixbuf_file_fuzzer
gfwx,c++,fuzzer-decoder
gfwx,c++,fuzzer-encoder
ghostscript,c++,gstoraster_fuzzer
ghostscript,c++,gs_device_pdfwrite_opts_fuzzer
ghostscript,c++,gs_device_pdfwrite_fuzzer
ghostscript,c++,gs_device_ps2write_fuzzer
ghostscript,c++,gs_device_pgmraw_fuzzer
ghostscript,c++,gs_device_xpswrite_fuzzer
ghostscript,c++,gstoraster_ps_fuzzer
ghostscript,c++,gs_device_psdcmyk_fuzzer
ghostscript,c++,gs_device_pxlmono_fuzzer
ghostscript,c++,gs_device_eps2write_fuzzer
ghostscript,c++,gs_device_png16m_fuzzer
ghostscript,c++,gstoraster_fuzzer_all_colors
ghostscript,c++,gstoraster_pdf_fuzzer
ghostscript,c++,gs_device_bmpmono_fuzzer
ghostscript,c++,gs_device_tiffsep1_fuzzer
ghostscript,c++,gs_device_pxlcolor_fuzzer
ghostscript,c++,gs_device_faxg3_fuzzer
giflib,c++,dgif_target
giflib,c++,dgif_protobuf_target
giflib,c++,egif_target
gnutls,c++,gnutls_x509_verify_fuzzer
gnutls,c++,gnutls_x509_crl_parser_fuzzer
gnutls,c++,gnutls_client_fuzzer
gnutls,c++,gnutls_private_key_parser_fuzzer
gnutls,c++,gnutls_pkcs7_parser_fuzzer
gnutls,c++,gnutls_x509_crq_parser_fuzzer
gnutls,c++,gnutls_reverse_idna_parser_fuzzer
gnutls,c++,gnutls_idna_parser_fuzzer
gnutls,c++,gnutls_pkcs12_key_parser_fuzzer
gnutls,c++,gnutls_base64_encoder_fuzzer
gnutls,c++,gnutls_server_fuzzer
gnutls,c++,gnutls_client_rawpk_fuzzer
gnutls,c++,gnutls_ocsp_req_parser_fuzzer
gnutls,c++,gnutls_handshake_server_fuzzer
gnutls,c++,gnutls_set_trust_file_fuzzer
gnutls,c++,gnutls_srp_client_fuzzer
gnutls,c++,gnutls_pkcs8_key_parser_fuzzer
gnutls,c++,gnutls_srp_server_fuzzer
gnutls,c++,gnutls_psk_server_fuzzer
gnutls,c++,gnutls_handshake_client_fuzzer
gnutls,c++,gnutls_x509_parser_fuzzer
gnutls,c++,gnutls_server_rawpk_fuzzer
gnutls,c++,gnutls_ocsp_resp_parser_fuzzer
gnutls,c++,gnutls_base64_decoder_fuzzer
gnutls,c++,gnutls_psk_client_fuzzer
gnutls,c++,gnutls_dn_parser_fuzzer
gnutls,c++,gnutls_ext_raw_parse_fuzzer
gpsd,c,FuzzPacket
gpsd,c,FuzzJson
grok,c++,grk_decompress_fuzzer
guetzli,c++,guetzli_fuzzer
h2o,c++,h2o-fuzzer-http2
h2o,c++,h2o-fuzzer-http1
h2o,c++,h2o-fuzzer-http3
h2o,c++,h2o-fuzzer-url
hdf5,c,h5_read_fuzzer
hdf5,c,h5_extended_fuzzer
hermes,c++,fuzzer-jsi-entry
hoextdown,c++,hoedown_fuzzer
hostap,c++,eapol-supp
hostap,c++,tls-server
hostap,c++,eap-mschapv2-peer
hostap,c++,eap-sim-peer
hostap,c++,eapol-key-auth
hostap,c++,json
hostap,c++,asn1
hostap,c++,wnm
hostap,c++,x509
hostap,c++,ap-mgmt
hostap,c++,eap-aka-peer
hostap,c++,sae
hostap,c++,p2p
hostap,c++,eapol-key-supp
hostap,c++,tls-client
hostap,c++,dpp-uri
hostap,c++,pasn-init
hostap,c++,pasn-resp
hpn-ssh,c++,kex_fuzz
hpn-ssh,c++,privkey_fuzz
hpn-ssh,c++,authopt_fuzz
hpn-ssh,c++,sshsigopt_fuzz
hpn-ssh,c++,sig_fuzz
hpn-ssh,c++,agent_fuzz
hpn-ssh,c++,pubkey_fuzz
hpn-ssh,c++,sshsig_fuzz
icu,c++,uloc_open_keywords_fuzzer
icu,c++,uloc_canonicalize_fuzzer
icu,c++,date_format_fuzzer
icu,c++,normalizer2_fuzzer
icu,c++,uprop_fuzzer
icu,c++,unicodeset_fuzzer
icu,c++,break_iterator_fuzzer
icu,c++,list_format_fuzzer
icu,c++,uregex_match_fuzzer
icu,c++,uregex_open_fuzzer
icu,c++,date_time_pattern_generator_fuzzer
icu,c++,relative_date_time_formatter_fuzzer
icu,c++,collator_compare_fuzzer
icu,c++,calendar_fuzzer
icu,c++,uloc_for_language_tag_fuzzer
icu,c++,uloc_get_name_fuzzer
icu,c++,unicode_string_codepage_create_fuzzer
icu,c++,timezone_create_fuzzer
icu,c++,ubidi_fuzzer
icu,c++,locale_fuzzer
icu,c++,ucasemap_fuzzer
icu,c++,locale_morph_fuzzer
icu,c++,number_format_fuzzer
icu,c++,uloc_is_right_to_left_fuzzer
icu,c++,rule_based_break_iterator_fuzzer
icu,c++,converter_fuzzer
icu,c++,dtfmtsym_fuzzer
icu,c++,number_formatter_fuzzer
icu,c++,collator_rulebased_fuzzer
icu,c++,time_zone_names_fuzzer
icu,c++,plurrule_fuzzer
igraph,c,read_dl
igraph,c,read_dimacs_flow
igraph,c,read_gml
igraph,c,write_all_gml
igraph,c,edge_connectivity
igraph,c,read_lgl
igraph,c,read_pajek
igraph,c,read_ncol
igraph,c,basic_properties_directed
igraph,c,write_all_graphml
igraph,c,weighted_centrality
igraph,c,linear_algos_directed
igraph,c,vertex_separators
igraph,c,bliss
igraph,c,read_graphml
igraph,c,vertex_connectivity
igraph,c,weighted_community
igraph,c,read_graphdb
igraph,c,linear_algos_undirected
igraph,c,community
igraph,c,basic_properties_undirected
igraph,c,centrality
igraph,c,misc_algos
igraph,c,read_edgelist
igraph,c,misc_algos_weighted
imagemagick,c++,encoder_mvg_fuzzer
imagemagick,c++,encoder_farbfeld_fuzzer
imagemagick,c++,encoder_inline_fuzzer
imagemagick,c++,encoder_bgro_fuzzer
imagemagick,c++,encoder_pattern_fuzzer
imagemagick,c++,encoder_sct_fuzzer
imagemagick,c++,encoder_cals_fuzzer
imagemagick,c++,encoder_gradient_fuzzer
imagemagick,c++,encoder_hdr_fuzzer
imagemagick,c++,encoder_bgr_fuzzer
imagemagick,c++,ping_fuzzer
imagemagick,c++,encoder_jpc_fuzzer
imagemagick,c++,encoder_png64_fuzzer
imagemagick,c++,encoder_pcd_fuzzer
imagemagick,c++,encoder_tim_fuzzer
imagemagick,c++,encoder_scr_fuzzer
imagemagick,c++,encoder_yuv_fuzzer
imagemagick,c++,encoder_mtv_fuzzer
imagemagick,c++,encoder_epsi_fuzzer
imagemagick,c++,encoder_tile_fuzzer
imagemagick,c++,encoder_vips_fuzzer
imagemagick,c++,encoder_rle_fuzzer
imagemagick,c++,encoder_png8_fuzzer
imagemagick,c++,encoder_ftxt_fuzzer
imagemagick,c++,encoder_png24_fuzzer
imagemagick,c++,encoder_ai_fuzzer
imagemagick,c++,encoder_png32_fuzzer
imagemagick,c++,gs
imagemagick,c++,encoder_uyvy_fuzzer
imagemagick,c++,encoder_sixel_fuzzer
imagemagick,c++,encoder_mpc_fuzzer
imagemagick,c++,encoder_mono_fuzzer
imagemagick,c++,encoder_rgb565_fuzzer
imagemagick,c++,encoder_pocketmod_fuzzer
imagemagick,c++,encoder_ptif_fuzzer
imagemagick,c++,encoder_ept3_fuzzer
imagemagick,c++,encoder_jpe_fuzzer
imagemagick,c++,encoder_cube_fuzzer
imagemagick,c++,encoder_tiff64_fuzzer
imagemagick,c++,encoder_xps_fuzzer
imagemagick,c++,encoder_label_fuzzer
imagemagick,c++,encoder_png00_fuzzer
imagemagick,c++,encoder_mpo_fuzzer
imagemagick,c++,encoder_tiff_fuzzer
imagemagick,c++,encoder_wbmp_fuzzer
imagemagick,c++,encoder_ept2_fuzzer
imagemagick,c++,encoder_g4_fuzzer
imagemagick,c++,encoder_rgba_fuzzer
imagemagick,c++,encoder_hald_fuzzer
imagemagick,c++,encoder_png48_fuzzer
imagemagick,c++,encoder_avs_fuzzer
imagemagick,c++,encoder_mask_fuzzer
imagemagick,c++,encoder_pcx_fuzzer
imagemagick,c++,encoder_mat_fuzzer
imagemagick,c++,encoder_aai_fuzzer
imagemagick,c++,encoder_vicar_fuzzer
imagemagick,c++,encoder_map_fuzzer
imagemagick,c++,encoder_pcl_fuzzer
imagemagick,c++,encoder_hrz_fuzzer
imagemagick,c++,encoder_pdb_fuzzer
imagemagick,c++,encoder_xpm_fuzzer
imagemagick,c++,encoder_eps_fuzzer
imagemagick,c++,encoder_qoi_fuzzer
imagemagick,c++,encoder_epi_fuzzer
imagemagick,c++,encoder_ycbcra_fuzzer
imagemagick,c++,encoder_stegano_fuzzer
imagemagick,c++,encoder_radial-gradient_fuzzer
imagemagick,c++,encoder_ipl_fuzzer
imagemagick,c++,encoder_svg_fuzzer
imagemagick,c++,encoder_dcm_fuzzer
imagemagick,c++,encoder_dds_fuzzer
imagemagick,c++,encoder_cmyk_fuzzer
imagemagick,c++,encoder_pes_fuzzer
imagemagick,c++,encoder_heic_fuzzer
imagemagick,c++,encoder_mng_fuzzer
imagemagick,c++,encoder_wpg_fuzzer
imagemagick,c++,encoder_jpg_fuzzer
imagemagick,c++,encoder_pdf_fuzzer
imagemagick,c++,encoder_sgi_fuzzer
imagemagick,c++,encoder_rla_fuzzer
imagemagick,c++,encoder_dng_fuzzer
imagemagick,c++,encoder_xbm_fuzzer
imagemagick,c++,encoder_ttf_fuzzer
imagemagick,c++,encoder_jp2_fuzzer
imagemagick,c++,encoder_vid_fuzzer
imagemagick,c++,encoder_j2c_fuzzer
imagemagick,c++,encoder_dxt5_fuzzer
imagemagick,c++,encoder_bgra_fuzzer
imagemagick,c++,encoder_bmp_fuzzer
imagemagick,c++,encoder_jnx_fuzzer
imagemagick,c++,encoder_otb_fuzzer
imagemagick,c++,encoder_clip_fuzzer
imagemagick,c++,encoder_sfw_fuzzer
imagemagick,c++,encoder_plasma_fuzzer
imagemagick,c++,encoder_jxl_fuzzer
imagemagick,c++,encoder_ycbcr_fuzzer
imagemagick,c++,encoder_dxt1_fuzzer
imagemagick,c++,encoder_bayer_fuzzer
imagemagick,c++,encoder_pcds_fuzzer
imagemagick,c++,encoder_psd_fuzzer
imagemagick,c++,encoder_group4_fuzzer
imagemagick,c++,encoder_xc_fuzzer
imagemagick,c++,encoder_rgbo_fuzzer
imagemagick,c++,encoder_pix_fuzzer
imagemagick,c++,encoder_tga_fuzzer
imagemagick,c++,encoder_jpt_fuzzer
imagemagick,c++,encoder_fits_fuzzer
imagemagick,c++,encoder_jng_fuzzer
imagemagick,c++,encoder_rgb_fuzzer
imagemagick,c++,encoder_jpm_fuzzer
imagemagick,c++,encoder_art_fuzzer
imagemagick,c++,encoder_pdfa_fuzzer
imagemagick,c++,encoder_webp_fuzzer
imagemagick,c++,encoder_caption_fuzzer
imagemagick,c++,encoder_cin_fuzzer
imagemagick,c++,encoder_pnm_fuzzer
imagemagick,c++,encoder_ps_fuzzer
imagemagick,c++,huffman_decode_fuzzer
imagemagick,c++,encoder_xcf_fuzzer
imagemagick,c++,encoder_gif_fuzzer
imagemagick,c++,encoder_cut_fuzzer
imagemagick,c++,encoder_miff_fuzzer
imagemagick,c++,encoder_pgx_fuzzer
imagemagick,c++,encoder_png_fuzzer
imagemagick,c++,encoder_pjpeg_fuzzer
imagemagick,c++,encoder_bmp2_fuzzer
imagemagick,c++,encoder_gray_fuzzer
imagemagick,c++,encoder_palm_fuzzer
imagemagick,c++,encoder_icon_fuzzer
imagemagick,c++,encoder_strimg_fuzzer
imagemagick,c++,encoder_pict_fuzzer
imagemagick,c++,encoder_jpeg_fuzzer
imagemagick,c++,encoder_rgf_fuzzer
imagemagick,c++,encoder_fax_fuzzer
imagemagick,c++,encoder_jps_fuzzer
imagemagick,c++,encoder_mac_fuzzer
imagemagick,c++,encoder_bmp3_fuzzer
imagemagick,c++,encoder_ept_fuzzer
imagemagick,c++,encoder_dpx_fuzzer
imagemagick,c++,encoder_cmyka_fuzzer
imagemagick,c++,encoder_epsf_fuzzer
imagemagick,c++,encoder_sun_fuzzer
imagemagick,c++,encoder_j2k_fuzzer
imagemagick,c++,encoder_epdf_fuzzer
imagemagick,c++,encoder_pwp_fuzzer
imagemagick,c++,encoder_g3_fuzzer
imagemagick,c++,encoder_fl32_fuzzer
imagemagick,c++,encoder_viff_fuzzer
inih,c,inihfuzz
jansson,c++,json_load_dump_fuzzer
janus-gateway,c++,rtcp_fuzzer
janus-gateway,c++,sdp_fuzzer
janus-gateway,c++,rtp_fuzzer
jbig2dec,c++,jbig2_fuzzer
jq,c,jq_fuzz_execute
jq,c,jq_fuzz_load_file
jq,c,jq_fuzz_parse
jq,c,jq_fuzz_compile
jq,c,jq_fuzz_fixed
jq,c,jq_fuzz_parse_stream
jq,c,jq_fuzz_parse_extended
karchive,c++,karchive_fuzzer
kcodecs,c++,kcodecs_fuzzer
kimageformats,c++,kimgio_rgb_fuzzer
kimageformats,c++,kimgio_heif_fuzzer
kimageformats,c++,kimgio_kra_fuzzer
kimageformats,c++,kimgio_pcx_fuzzer
kimageformats,c++,kimgio_ora_fuzzer
kimageformats,c++,kimgio_exr_fuzzer
kimageformats,c++,kimgio_avif_fuzzer
kimageformats,c++,kimgio_jxl_fuzzer
kimageformats,c++,kimgio_pic_fuzzer
kimageformats,c++,kimgio_ani_fuzzer
kimageformats,c++,kimgio_psd_fuzzer
kimageformats,c++,kimgio_ras_fuzzer
kimageformats,c++,kimgio_qoi_fuzzer
kimageformats,c++,kimgio_tga_fuzzer
kimageformats,c++,kimgio_hdr_fuzzer
kimageformats,c++,kimgio_raw_fuzzer
kimageformats,c++,kimgio_xcf_fuzzer
knot-dns,c++,fuzz_zscanner
knot-dns,c++,fuzz_dname_from_str
knot-dns,c++,fuzz_dname_to_str
knot-dns,c++,fuzz_packet
krb5,c,fuzz_pac
krb5,c,fuzz_marshal_princ
krb5,c,fuzz_marshal_cred
krb5,c,fuzz_util
krb5,c,fuzz_krad
krb5,c,fuzz_gss
krb5,c,fuzz_chpw
krb5,c,fuzz_ndr
krb5,c,fuzz_json
krb5,c,fuzz_krb5_ticket
krb5,c,fuzz_profile
lame,c++,fuzzer-encoder
lcms,c++,cms_transform_all_fuzzer
lcms,c++,cms_transform_fuzzer
lcms,c++,cmsIT8_load_fuzzer
lcms,c++,cms_devicelink_fuzzer
lcms,c++,cms_postscript_fuzzer
lcms,c++,cms_universal_transform_fuzzer
lcms,c++,cms_gdb_fuzzer
lcms,c++,cms_virtual_profile_fuzzer
lcms,c++,cms_dict_fuzzer
lcms,c++,cms_md5_fuzzer
lcms,c++,cms_cie_cam02_fuzzer
lcms,c++,cms_profile_fuzzer
lcms,c++,cms_overwrite_transform_fuzzer
lcms,c++,cms_cgats_fuzzer
lcms,c++,cms_transform_extended_fuzzer
leptonica,c++,maze_fuzzer
leptonica,c++,blend_fuzzer
leptonica,c++,fhmtgen_fuzzer
leptonica,c++,grayquant_fuzzer
leptonica,c++,dewarp_fuzzer
leptonica,c++,binarize_fuzzer
leptonica,c++,jpegiostub_fuzzer
leptonica,c++,pix_rotate_shear_fuzzer
leptonica,c++,recog_basic_fuzzer
leptonica,c++,pix1_fuzzer
leptonica,c++,boxfunc3_fuzzer
leptonica,c++,pageseg_fuzzer
leptonica,c++,ccbord_fuzzer
leptonica,c++,pix_orient_fuzzer
leptonica,c++,colorfill_fuzzer
leptonica,c++,mask_fuzzer
leptonica,c++,edge_fuzzer
leptonica,c++,bilinear_fuzzer
leptonica,c++,paintcmap_fuzzer
leptonica,c++,classapp_fuzzer
leptonica,c++,pix3_fuzzer
leptonica,c++,checkerboard_fuzzer
leptonica,c++,finditalic_fuzzer
leptonica,c++,enhance_fuzzer
leptonica,c++,flipdetect_fuzzer
leptonica,c++,pixconv_fuzzer
leptonica,c++,morph_fuzzer
leptonica,c++,graymorph_fuzzer
leptonica,c++,boxfunc4_fuzzer
leptonica,c++,graphics_fuzzer
leptonica,c++,kernel_fuzzer
leptonica,c++,morphapp_fuzzer
leptonica,c++,colorquant_fuzzer
leptonica,c++,affine_fuzzer
leptonica,c++,pix4_fuzzer
leptonica,c++,adaptmap_fuzzer
leptonica,c++,barcode_fuzzer
leptonica,c++,boxfunc5_fuzzer
leptonica,c++,baseline_fuzzer
leptonica,c++,pixa_recog_fuzzer
leptonica,c++,boxfunc_fuzzer
leptonica,c++,compare_fuzzer
leptonica,c++,fpix2_fuzzer
leptonica,c++,bilateral_fuzzer
leptonica,c++,ccthin_fuzzer
libaom,c++,av1_dec_fuzzer
libarchive,c++,libarchive_fuzzer
libavc,c++,mvc_dec_fuzzer
libavc,c++,avc_enc_fuzzer
libavc,c++,svc_enc_fuzzer
libavc,c++,svc_dec_fuzzer
libavc,c++,avc_dec_fuzzer
libbpf,c,bpf-object-fuzzer
libcue,c,fuzz
libdwarf,c,fuzz_die_cu_offset
libdwarf,c,fuzz_die_cu_print
libdwarf,c,fuzz_set_frame_all
libdwarf,c,fuzz_macro_dwarf5
libdwarf,c,fuzz_die_cu_attrs_loclist
libdwarf,c,fuzz_die_cu_e
libdwarf,c,fuzz_str_offsets
libdwarf,c,fuzz_dnames
libdwarf,c,fuzz_debug_str
libdwarf,c,fuzz_init_binary
libdwarf,c,fuzz_showsectgrp
libdwarf,c,fuzz_globals
libdwarf,c,fuzz_die_cu_attrs
libdwarf,c,fuzz_gdbindex
libdwarf,c,fuzz_stack_frame_access
libdwarf,c,fuzz_crc
libdwarf,c,fuzz_findfuncbypc
libdwarf,c,fuzz_debug_addr_access
libdwarf,c,fuzz_aranges
libdwarf,c,fuzz_srcfiles
libdwarf,c,fuzz_rng
libdwarf,c,fuzz_tie
libdwarf,c,fuzz_gnu_index
libdwarf,c,fuzz_die_cu
libdwarf,c,fuzz_init_path
libdwarf,c,fuzz_simplereader_tu
libdwarf,c,fuzz_init_b
libdwarf,c,fuzz_macro_dwarf4
libdwarf,c,fuzz_debuglink
libdwarf,c,fuzz_die_cu_e_print
libdwarf,c,fuzz_crc_32
libdwarf,c,fuzz_xuindex
libdwarf,c,fuzz_die_cu_info1
libexif,c++,exif_loader_fuzzer
libexif,c++,exif_from_data_fuzzer
libfido2,c++,fuzz_pcsc
libfido2,c++,fuzz_cred
libfido2,c++,fuzz_mgmt
libfido2,c++,fuzz_bio
libfido2,c++,fuzz_largeblob
libfido2,c++,fuzz_netlink
libfido2,c++,fuzz_attobj
libfido2,c++,fuzz_assert
libfido2,c++,fuzz_hid
libfido2,c++,fuzz_credman
libgd,c++,gd_image_string_fuzzer
libgd,c++,webp_target
libgd,c++,tiff_target
libgd,c++,jpeg_target
libgd,c++,bmp_target
libgd,c++,wbmp_target
libgd,c++,png_target
libgd,c++,gd_target
libgd,c++,gd2_target
libgd,c++,tga_target
libgd,c++,gif_target
libheif,c++,file_fuzzer
libheif,c++,encoder_fuzzer
libheif,c++,color_conversion_fuzzer
libheif,c++,box_fuzzer
libhevc,c++,hevc_dec_fuzzer
libhevc,c++,hevc_enc_fuzzer
libical,c++,libical_fuzzer
libical,c++,libical_extended_fuzzer
libidn,c++,libidn_stringprep_fuzzer
libidn,c++,libidn_toascii_fuzzer
libidn,c++,libidn_tounicode_fuzzer
libidn2,c++,libidn2_to_unicode_8z8z_fuzzer
libidn2,c++,libidn2_to_ascii_8z_fuzzer
libidn2,c++,libidn2_register_fuzzer
libjpeg-turbo,c,compress_lossless_fuzzer_dev
libjpeg-turbo,c,compress_yuv_fuzzer_dev
libjpeg-turbo,c,decompress_yuv_fuzzer
libjpeg-turbo,c,compress_fuzzer_dev
libjpeg-turbo,c,decompress_yuv_fuzzer_2_1_x
libjpeg-turbo,c,cjpeg_fuzzer_2_1_x
libjpeg-turbo,c,cjpeg_fuzzer_dev
libjpeg-turbo,c,compress12_lossless_fuzzer_dev
libjpeg-turbo,c,libjpeg_turbo_fuzzer_dev
libjpeg-turbo,c,transform_fuzzer_2_1_x
libjpeg-turbo,c,transform_fuzzer_dev
libjpeg-turbo,c,compress12_fuzzer
libjpeg-turbo,c,compress_yuv_fuzzer
libjpeg-turbo,c,libjpeg_turbo_fuzzer
libjpeg-turbo,c,compress_fuzzer_2_1_x
libjpeg-turbo,c,compress12_fuzzer_dev
libjpeg-turbo,c,compress16_lossless_fuzzer_dev
libjpeg-turbo,c,decompress_yuv_fuzzer_dev
libjpeg-turbo,c,compress_lossless_fuzzer
libjpeg-turbo,c,transform_fuzzer
libjpeg-turbo,c,compress_fuzzer
libjpeg-turbo,c,compress16_lossless_fuzzer
libjpeg-turbo,c,compress_yuv_fuzzer_2_1_x
libjpeg-turbo,c,cjpeg_fuzzer
libjpeg-turbo,c,libjpeg_turbo_fuzzer_2_1_x
libjpeg-turbo,c,compress12_lossless_fuzzer
libjxl,c++,cjxl_fuzzer
libjxl,c++,streaming_fuzzer
libjxl,c++,fields_fuzzer
libjxl,c++,decode_basic_info_fuzzer
libjxl,c++,color_encoding_fuzzer
libjxl,c++,jpegli_dec_fuzzer
libjxl,c++,djxl_fuzzer
libjxl,c++,rans_fuzzer
libjxl,c++,transforms_fuzzer
libjxl,c++,set_from_bytes_fuzzer
libjxl,c++,icc_codec_fuzzer
libldac,c++,libldac_encode_fuzzer
liblouis,c,fuzz_backtranslate
liblouis,c,table_fuzzer
liblouis,c,fuzz_translate_generic
libmodbus,c,FuzzServer
libmodbus,c,FuzzClient
libmpeg2,c++,mpeg2_dec_fuzzer
libplist,c++,xplist_fuzzer
libplist,c++,bplist_fuzzer
libplist,c++,oplist_fuzzer
libplist,c++,jplist_fuzzer
libpsl,c++,libpsl_icu_fuzzer
libpsl,c++,libpsl_load_dafsa_fuzzer
libpsl,c++,libpsl_icu_load_dafsa_fuzzer
libpsl,c++,libpsl_load_fuzzer
libpsl,c++,libpsl_idn2_load_dafsa_fuzzer
libpsl,c++,libpsl_idn2_fuzzer
libpsl,c++,libpsl_idn2_load_fuzzer
libpsl,c++,libpsl_idn_load_fuzzer
libpsl,c++,libpsl_idn_load_dafsa_fuzzer
libpsl,c++,libpsl_idn_fuzzer
libpsl,c++,libpsl_fuzzer
libpsl,c++,libpsl_icu_load_fuzzer
libraw,c++,libraw_raf_fuzzer
libraw,c++,libraw_cr2_fuzzer
libraw,c++,libraw_nef_fuzzer
libraw,c++,libraw_fuzzer
libreoffice,c++,webpfuzzer
libreoffice,c++,tiffuzzer
libreoffice,c++,fodsfuzzer
libreoffice,c++,qpwfuzzer
libreoffice,c++,lwpfuzzer
libreoffice,c++,mmlfuzzer
libreoffice,c++,602fuzzer
libreoffice,c++,fodt2pdffuzzer
libreoffice,c++,jpgfuzzer
libreoffice,c++,svgfuzzer
libreoffice,c++,slkfuzzer
libreoffice,c++,wksfuzzer
libreoffice,c++,xlsxfuzzer
libreoffice,c++,epsfuzzer
libreoffice,c++,giffuzzer
libreoffice,c++,olefuzzer
libreoffice,c++,scrtffuzzer
libreoffice,c++,zipfuzzer
libreoffice,c++,mtpfuzzer
libreoffice,c++,rtffuzzer
libreoffice,c++,metfuzzer
libreoffice,c++,tgafuzzer
libreoffice,c++,pngfuzzer
libreoffice,c++,ppmfuzzer
libreoffice,c++,docxfuzzer
libreoffice,c++,ww2fuzzer
libreoffice,c++,htmlfuzzer
libreoffice,c++,schtmlfuzzer
libreoffice,c++,fodtfuzzer
libreoffice,c++,wmffuzzer
libreoffice,c++,pptfuzzer
libreoffice,c++,pptxfuzzer
libreoffice,c++,bmpfuzzer
libreoffice,c++,sftfuzzer
libreoffice,c++,diffuzzer
libreoffice,c++,psdfuzzer
libreoffice,c++,fodpfuzzer
libreoffice,c++,svmfuzzer
libreoffice,c++,pcxfuzzer
libreoffice,c++,dxffuzzer
libreoffice,c++,xlsfuzzer
libreoffice,c++,rasfuzzer
libreoffice,c++,xbmfuzzer
libreoffice,c++,pctfuzzer
libreoffice,c++,fods2xlsfuzzer
libreoffice,c++,hwpfuzzer
libreoffice,c++,xpmfuzzer
libreoffice,c++,dbffuzzer
libreoffice,c++,ww6fuzzer
libreoffice,c++,cgmfuzzer
libreoffice,c++,pcdfuzzer
libreoffice,c++,ww8fuzzer
libressl,c++,bignum
libressl,c++,asn1parse
libressl,c++,conf
libressl,c++,client
libressl,c++,server
libressl,c++,cms
libressl,c++,asn1
libressl,c++,x509
libressl,c++,cryptofuzz
libressl,c++,bndiv
libressl,c++,crl
libspectre,c++,spectre_read_fuzzer
libspng,c++,spng_read_fuzzer_structure_aware
libspng,c++,spng_read_fuzzer
libspng,c++,spng_write_fuzzer
libsrtp,c++,srtp-fuzzer
libssh,c,ssh_server_fuzzer
libssh,c,ssh_client_config_fuzzer
libssh,c,ssh_bind_config_fuzzer
libssh,c,ssh_known_hosts_fuzzer
libssh,c,ssh_privkey_fuzzer
libssh,c,ssh_pubkey_fuzzer
libssh,c,ssh_client_fuzzer
libtasn1,c++,asn1_decode_simple_der_fuzzer
libtasn1,c++,asn1_get_length_ber_fuzzer
libtasn1,c++,asn1_decode_simple_ber_fuzzer
libtasn1,c++,libtasn1_parser2tree_fuzzer
libtasn1,c++,libtasn1_array2tree_fuzzer
libtasn1,c++,asn1_get_length_der_fuzzer
libtasn1,c++,libtasn1_gnutls_der_fuzzer
libtasn1,c++,libtasn1_pkix_der_fuzzer
libtasn1,c++,asn1_get_object_id_der_fuzzer
libtiff,c++,tiff_read_rgba_fuzzer
libtorrent,c++,utp
libtorrent,c++,http_tracker
libtorrent,c++,bdecode_node
libtorrent,c++,dht_node
libtorrent,c++,file_storage_add_file
libtorrent,c++,http_parser
libtorrent,c++,torrent_info
libtorrent,c++,sanitize_path
libtorrent,c++,resume_data
libtorrent,c++,add_torrent
libtorrent,c++,upnp
libtorrent,c++,session_params
libtorrent,c++,peer_conn
libtpms,c++,fuzz
libvnc,c++,fuzz_server
libvpx,c++,vpx_dec_fuzzer_vp8
libvpx,c++,vpx_dec_fuzzer_vp9
libxls,c++,fuzz_xls
libxlsxwriter,c,xlsx_fuzzer
libxml2,c++,lint
libxml2,c++,xpath
libxml2,c++,reader
libxml2,c++,valid
libxml2,c++,html
libxml2,c++,xinclude
libxml2,c++,uri
libxml2,c++,api
libxml2,c++,xml
libxml2,c++,schema
libxml2,c++,regexp
libxslt,c++,xpath
libxslt,c++,xslt
libyal,c,libesedb_record_fuzzer
libyal,c,libfwps_set_fuzzer
libyal,c,libevtx_record_fuzzer
libyal,c,libewf_handle_fuzzer
libyal,c,libfwevt_xml_document_fuzzer
libyal,c,libcreg_file_fuzzer
libyal,c,libfwps_store_fuzzer
libyal,c,libesedb_column_fuzzer
libyal,c,libluksde_volume_fuzzer
libyal,c,libfwsi_item_fuzzer
libyal,c,libfsapfs_extended_attribute_fuzzer
libyal,c,libvsgpt_volume_fuzzer
libyal,c,libesedb_table_fuzzer
libyal,c,libvshadow_volume_fuzzer
libyal,c,libfsfat_file_entry_fuzzer
libyal,c,libscca_file_fuzzer
libyal,c,libwrc_mui_resource_fuzzer
libyal,c,libvslvm_handle_fuzzer
libyal,c,libfmos_lzfse_fuzzer
libyal,c,libfcrypto_crypt_serpent_cbc_fuzzer
libyal,c,libfplist_property_list_fuzzer
libyal,c,libwrc_manifest_resource_fuzzer
libyal,c,libfmapi_lzfu_fuzzer
libyal,c,libbde_volume_fuzzer
libyal,c,libfsxfs_file_entry_fuzzer
libyal,c,liblnk_file_fuzzer
libyal,c,libhmac_sha1_context_fuzzer
libyal,c,libpff_record_set_fuzzer
libyal,c,libphdi_handle_fuzzer
libyal,c,libfsext_extended_attribute_fuzzer
libyal,c,libvsapm_volume_fuzzer
libyal,c,libregf_key_fuzzer
libyal,c,libfsext_file_entry_fuzzer
libyal,c,libwrc_string_table_resource_fuzzer
libyal,c,libmsiecf_file_fuzzer
libyal,c,libevt_record_fuzzer
libyal,c,libvsmbr_partition_fuzzer
libyal,c,libregf_file_fuzzer
libyal,c,libodraw_handle_fuzzer
libyal,c,libfsapfs_file_entry_fuzzer
libyal,c,libhmac_sha512_context_fuzzer
libyal,c,libfcrypto_crypt_serpent_ecb_fuzzer
libyal,c,libfsntfs_mft_metadata_file_fuzzer
libyal,c,libfmapi_one_off_entry_identifier_fuzzer
libyal,c,libvmdk_handle_fuzzer
libyal,c,libcaes_crypt_cbc_fuzzer
libyal,c,libvsmbr_volume_fuzzer
libyal,c,libhmac_md5_context_fuzzer
libyal,c,libfwnt_lzxpress_fuzzer
libyal,c,libfusn_record_fuzzer
libyal,c,libfmos_lzvn_fuzzer
libyal,c,libnk2_file_fuzzer
libyal,c,libagdb_file_fuzzer
libyal,c,libfplist_property_fuzzer
libyal,c,libfwnt_security_descriptor_fuzzer
libyal,c,libfcrypto_crypt_blowfish_ecb_fuzzer
libyal,c,libcreg_key_fuzzer
libyal,c,libolecf_file_fuzzer
libyal,c,libvsbsdl_volume_fuzzer
libyal,c,libfshfs_volume_fuzzer
libyal,c,libsmraw_handle_fuzzer
libyal,c,libfsapfs_container_fuzzer
libyal,c,libwrc_message_table_resource_fuzzer
libyal,c,libesedb_file_fuzzer
libyal,c,libcaes_crypt_ccm_fuzzer
libyal,c,libfwevt_manifest_fuzzer
libyal,c,libvsgpt_partition_fuzzer
libyal,c,libfcrypto_crypt_rc4_fuzzer
libyal,c,libfcrypto_crypt_blowfish_cbc_fuzzer
libyal,c,libpff_file_fuzzer
libyal,c,libfsfat_volume_fuzzer
libyal,c,libfcrypto_crypt_des3_cbc_fuzzer
libyal,c,libwrc_version_information_resource_fuzzer
libyal,c,libhmac_sha224_context_fuzzer
libyal,c,libwrc_stream_fuzzer
libyal,c,libftxf_record_fuzzer
libyal,c,libfsxfs_extended_attribute_fuzzer
libyal,c,libfwsi_item_list_fuzzer
libyal,c,libfmos_adc_fuzzer
libyal,c,libvsapm_partition_fuzzer
libyal,c,libexe_file_fuzzer
libyal,c,libcaes_crypt_ecb_fuzzer
libyal,c,libfsapfs_volume_fuzzer
libyal,c,libcaes_crypt_xts_fuzzer
libyal,c,libfsext_volume_fuzzer
libyal,c,libevt_file_fuzzer
libyal,c,libolecf_item_fuzzer
libyal,c,libfcrypto_crypt_des3_ecb_fuzzer
libyal,c,libevtx_file_fuzzer
libyal,c,libfsxfs_volume_fuzzer
libyal,c,libpff_item_fuzzer
libyal,c,libhmac_sha256_context_fuzzer
libyal,c,libfshfs_file_entry_fuzzer
libyal,c,libvsbsdl_partition_fuzzer
libyal,c,libmsiecf_item_fuzzer
libyal,c,libmodi_handle_fuzzer
libyal,c,libfshfs_extended_attribute_fuzzer
libyal,c,libfmapi_entry_identifier_fuzzer
libyal,c,libfwnt_lzx_fuzzer
libyal,c,libregf_value_fuzzer
libyal,c,libcreg_value_fuzzer
libyal,c,libvslvm_logical_volume_fuzzer
libyal,c,libvhdi_file_fuzzer
libyal,c,libqcow_file_fuzzer
libyal,c,libfwps_record_fuzzer
libyal,c,libfwnt_lzxpress_huffman_fuzzer
libyal,c,libfwnt_lznt1_fuzzer
libyal,c,libfsntfs_file_entry_fuzzer
libyal,c,libmdmp_file_fuzzer
libyal,c,libfvde_volume_fuzzer
libyal,c,libfsntfs_volume_fuzzer
libyal,c,libfwnt_security_identifier_fuzzer
libyaml,c++,libyaml_reformatter_fuzzer
libyaml,c++,libyaml_loader_fuzzer
libyaml,c++,libyaml_emitter_fuzzer
libyaml,c++,libyaml_deconstructor_fuzzer
libyaml,c++,libyaml_dumper_fuzzer
libyaml,c++,libyaml_deconstructor_alt_fuzzer
libyaml,c++,libyaml_parser_fuzzer
libyaml,c++,libyaml_scanner_fuzzer
libyaml,c++,libyaml_reformatter_alt_fuzzer
libzip,c++,zip_read_file_fuzzer
libzip,c++,zip_write_encrypt_pkware_file_fuzzer
libzip,c++,zip_write_encrypt_aes256_file_fuzzer
libzip,c++,zip_read_fuzzer
libzmq,c++,test_bind_ws_fuzzer
libzmq,c++,test_z85_decode_fuzzer
libzmq,c++,test_socket_options_fuzzer
libzmq,c++,test_bind_curve_fuzzer
libzmq,c++,test_connect_null_fuzzer
libzmq,c++,test_bind_stream_fuzzer
libzmq,c++,test_connect_curve_fuzzer
libzmq,c++,test_bind_fuzzer
libzmq,c++,test_bind_null_fuzzer
libzmq,c++,test_connect_fuzzer
libzmq,c++,test_connect_ws_fuzzer
libzmq,c++,test_connect_stream_fuzzer
llamacpp,c++,fuzz_grammar
llamacpp,c++,fuzz_json_to_grammar
llamacpp,c++,fuzz_tokenizer_spm
llamacpp,c++,fuzz_tokenizer_qwen2
llamacpp,c++,fuzz_tokenizer_baichuan
llamacpp,c++,fuzz_tokenizer_bge
llamacpp,c++,fuzz_tokenizer_deepseek_coder
llamacpp,c++,fuzz_tokenizer_aquila
llamacpp,c++,fuzz_tokenizer_gpt_2
llamacpp,c++,fuzz_tokenizer_command_r
llamacpp,c++,fuzz_tokenizer_falcon
llamacpp,c++,fuzz_tokenizer_bpe
llamacpp,c++,fuzz_load_model
lldpd,c,fuzz_cdp
lldpd,c,fuzz_sonmp
lldpd,c,fuzz_edp
lldpd,c,fuzz_lldp
llvm,c++,llvm-opt-fuzzer--x86_64-reassociate
llvm,c++,llvm-opt-fuzzer--x86_64-guard_widening
llvm,c++,llvm-dis-fuzzer
llvm,c++,llvm-isel-fuzzer--wasm32-O2
llvm,c++,clang-objc-fuzzer
llvm,c++,llvm-isel-fuzzer--bpf-O2
llvm,c++,llvm-parse-assembly-fuzzer
llvm,c++,llvm-isel-fuzzer--mips64-O2
llvm,c++,llvm-symbol-reader-fuzzer
llvm,c++,llvm-microsoft-demangle-fuzzer
llvm,c++,llvm-isel-fuzzer--ve-O2
llvm,c++,llvm-opt-fuzzer--x86_64-sroa
llvm,c++,clang-fuzzer
llvm,c++,llvm-isel-fuzzer--hexagon-O2
llvm,c++,llvm-isel-fuzzer--x86_64-O2
llvm,c++,llvm-opt-fuzzer--x86_64-memcpyopt
llvm,c++,llvm-object-yaml-fuzzer
llvm,c++,clang-format-fuzzer
llvm,c++,llvm-yaml-numeric-parser-fuzzer
llvm,c++,llvm-opt-fuzzer--x86_64-sccp
llvm,c++,llvm-opt-fuzzer--x86_64-irce
llvm,c++,llvm-isel-fuzzer--aarch64-gisel
llvm,c++,llvm-isel-fuzzer--riscv64-O2
llvm,c++,llvm-opt-fuzzer--x86_64-indvars
llvm,c++,llvm-isel-fuzzer--nvptx-O2
llvm,c++,llvm-itanium-demangle-fuzzer
llvm,c++,llvm-opt-fuzzer--x86_64-loop_vectorize
llvm,c++,llvm-opt-fuzzer--x86_64-dse
llvm,c++,llvm-isel-fuzzer--ppc64-O2
llvm,c++,llvm-opt-fuzzer--x86_64-instcombine
llvm,c++,llvm-opt-fuzzer--x86_64-strength_reduce
llvm,c++,llvm-dwarfdump-fuzzer
llvm,c++,llvm-rust-demangle-fuzzer
llvm,c++,llvm-opt-fuzzer--x86_64-loop_idiom
llvm,c++,llvm-special-case-list-fuzzer
llvm,c++,llvm-opt-fuzzer--x86_64-simplifycfg
llvm,c++,clang-pseudo-fuzzer
llvm,c++,llvm-opt-fuzzer--x86_64-gvn
llvm,c++,llvm-dlang-demangle-fuzzer
llvm,c++,llvm-opt-fuzzer--x86_64-loop_unswitch
llvm,c++,llvm-isel-fuzzer--aarch64-O2
llvm,c++,llvm-opt-fuzzer--x86_64-loop_predication
llvm,c++,llvm-opt-fuzzer--x86_64-earlycse
llvm,c++,llvm-yaml-parser-fuzzer
llvm,c++,llvm-opt-fuzzer--x86_64-lower_matrix_intrinsics
llvm,c++,llvm-opt-fuzzer--x86_64-licm
llvm,c++,vfabi-demangler-fuzzer
llvm,c++,llvm-isel-fuzzer--arm-O2
lodepng,c++,lodepng_fuzzer
lua,c,luaL_addgsub_test
lua,c,luaL_buffsub_test
lua,c,luaL_traceback_test
lua,c,lua_stringtonumber_test
lua,c,fuzz_lua
lua,c,luaL_bufflen_test
lua,c,luaL_buffaddr_test
lua,c,luaL_loadbuffer_proto_test
lua,c,lua_load_test
lua,c,luaL_loadbufferx_test
lua,c,torture_test
lua,c,luaL_gsub_test
lwan,c++,h2_huffman_fuzzer
lwan,c++,template_fuzzer
lwan,c++,config_fuzzer
lwan,c++,request_fuzzer
lwan,c++,pattern_fuzzer
lzma,c++,filters_fuzzer
lzma,c++,lzmaenc_fuzzer
lzma,c++,lzmadec_fuzzer
lzma,c++,lzma2dec_fuzzer
lzma,c++,lzma2enc_fuzzer
lzma,c++,xzdec_fuzzer
lzma,c++,xzenc_fuzzer
lzma,c++,7z_fuzzer
lzma,c++,ppmdenc_fuzzer
lzo,c++,all_lzo_compress
lzo,c++,lzo_compress_target
lzo,c++,lzo_decompress_target
matio,c++,matio_fuzzer
mbedtls,c++,fuzz_dtlsclient
mbedtls,c++,fuzz_server
mbedtls,c++,usepsa-fuzz_pubkey
mbedtls,c++,usepsa-fuzz_privkey
mbedtls,c++,usepsa-fuzz_x509crt
mbedtls,c++,fuzz_pubkey
mbedtls,c++,fuzz_dtlsserver
mbedtls,c++,fuzz_x509crt
mbedtls,c++,fuzz_privkey
mbedtls,c++,usepsa-fuzz_server
mbedtls,c++,fuzz_x509csr
mbedtls,c++,usepsa-fuzz_dtlsclient
mbedtls,c++,usepsa-fuzz_pkcs7
mbedtls,c++,usepsa-fuzz_dtlsserver
mbedtls,c++,fuzz_pkcs7
mbedtls,c++,usepsa-fuzz_x509crl
mbedtls,c++,fuzz_client
mbedtls,c++,fuzz_x509crl
mbedtls,c++,usepsa-fuzz_x509csr
mbedtls,c++,usepsa-fuzz_client
mdbtools,c,fuzz_mdb
mercurial,c++,dirs_fuzzer
mercurial,c++,mpatch_fuzzer
mercurial,c++,manifest_fuzzer
mercurial,c++,fm1readmarkers_fuzzer
mercurial,c++,revlog_fuzzer
mercurial,c++,xdiff_fuzzer
mercurial,c++,bdiff_fuzzer
mercurial,c++,jsonescapeu8fast_fuzzer
mercurial,c++,dirstate_fuzzer
mercurial,c++,fncache_fuzzer
miniz,c,uncompress2_fuzzer
miniz,c,zip_fuzzer
miniz,c,checksum_fuzzer
miniz,c,uncompress_fuzzer
miniz,c,compress_fuzzer
miniz,c,small_fuzzer
miniz,c,large_fuzzer
miniz,c,flush_fuzzer
minizip,c++,zip_fuzzer
minizip,c++,unzip_fuzzer
monero,c++,http-client_fuzz_tests
monero,c++,bulletproof_fuzz_tests
monero,c++,cold-outputs_fuzz_tests
monero,c++,load-from-json_fuzz_tests
monero,c++,base58_fuzz_tests
monero,c++,tx-extra_fuzz_tests
monero,c++,parse-url_fuzz_tests
monero,c++,block_fuzz_tests
monero,c++,load-from-binary_fuzz_tests
monero,c++,cold-transaction_fuzz_tests
monero,c++,signature_fuzz_tests
monero,c++,transaction_fuzz_tests
monero,c++,levin_fuzz_tests
mosh,c++,terminal_parser_fuzzer
mosh,c++,terminal_fuzzer
mruby,c++,mruby_proto_fuzzer
mruby,c++,mruby_fuzzer
msgpack-c,c++,unpack_pack_fuzzer
ms-tpm-20-ref,c,tpm_cmd
mupdf,c++,pdf_fuzzer
ndpi,c++,fuzz_gcrypt_gcm
ndpi,c++,fuzz_ds_ptree
ndpi,c++,fuzz_alg_bytestream
ndpi,c++,fuzz_libinjection
ndpi,c++,fuzz_community_id
ndpi,c++,fuzz_ndpi_reader_payload_analyzer
ndpi,c++,fuzz_ndpi_reader_pl7m_64k
ndpi,c++,fuzz_ds_tree
ndpi,c++,fuzz_dga
ndpi,c++,fuzz_alg_shoco
ndpi,c++,fuzz_ds_cmsketch
ndpi,c++,fuzz_alg_bins
ndpi,c++,fuzz_alg_hw_rsi_outliers_da
ndpi,c++,fuzz_ds_libcache
ndpi,c++,fuzz_quic_get_crypto_data
ndpi,c++,fuzz_ndpi_reader_pl7m
ndpi,c++,fuzz_readerutils_workflow
ndpi,c++,fuzz_filecfg_category
ndpi,c++,fuzz_ds_domain_classify
ndpi,c++,fuzz_alg_ses_des
ndpi,c++,fuzz_binaryfusefilter
ndpi,c++,fuzz_ndpi_reader
ndpi,c++,fuzz_readerutils_parseprotolist
ndpi,c++,fuzz_filecfg_malicious_sha1
ndpi,c++,fuzz_filecfg_config
ndpi,c++,fuzz_filecfg_protocols
ndpi,c++,fuzz_alg_strnstr
ndpi,c++,fuzz_ds_bitmap64_fuse
ndpi,c++,fuzz_is_stun_udp
ndpi,c++,fuzz_alg_crc32_md5
ndpi,c++,fuzz_gcrypt_light
ndpi,c++,fuzz_ndpi_reader_pl7m_simplest
ndpi,c++,fuzz_config
ndpi,c++,fuzz_gcrypt_cipher
ndpi,c++,fuzz_ds_patricia
ndpi,c++,fuzz_ndpi_reader_pl7m_internal
ndpi,c++,fuzz_filecfg_risk_domains
ndpi,c++,fuzz_process_packet
ndpi,c++,fuzz_serialization
ndpi,c++,fuzz_filecfg_categories
ndpi,c++,fuzz_gcrypt_aes
ndpi,c++,fuzz_ds_ahocorasick
ndpi,c++,fuzz_alg_memmem
ndpi,c++,fuzz_is_stun_tcp
ndpi,c++,fuzz_ds_hash
ndpi,c++,fuzz_ndpi_reader_alloc_fail
ndpi,c++,fuzz_alg_hll
ndpi,c++,fuzz_alg_jitter
ndpi,c++,fuzz_tls_certificate
ndpi,c++,fuzz_ndpi_reader_pl7m_simplest_internal
ndpi,c++,fuzz_filecfg_malicious_ja3
neomutt,c++,address-fuzz
nestegg,c++,fuzz
net-snmp,c++,snmp_config_mem_fuzzer
net-snmp,c++,snmp_parse_fuzzer
net-snmp,c++,snmp_agent_e2e_fuzzer
net-snmp,c++,parse_octet_hint_fuzzer
net-snmp,c++,snmp_mib_fuzzer
net-snmp,c++,snmp_pdu_parse_fuzzer
net-snmp,c++,snmp_print_var_fuzzer
net-snmp,c++,snmp_transport_fuzzer
net-snmp,c++,read_objid_fuzzer
net-snmp,c++,snmp_parse_oid_fuzzer
net-snmp,c++,agentx_parse_fuzzer
net-snmp,c++,snmp_config_fuzzer
net-snmp,c++,snmp_scoped_pdu_parse_fuzzer
net-snmp,c++,snmp_api_fuzzer
net-snmp,c++,snmp_e2e_fuzzer
nettle,c++,cryptofuzz-nettle-with-mini-gmp
nettle,c++,cryptofuzz-nettle-with-libgmp
ninja,c++,fuzzer
njs,c++,njs_process_script_fuzzer
nokogiri,c,parse_fuzzer
ntopng,c++,fuzz_dissect_packet
ntpsec,c,FuzzExtens
ntpsec,c,FuzzServer
ntpsec,c,FuzzClient
open62541,c++,fuzz_binary_decode
open62541,c++,fuzz_json_decode
open62541,c++,fuzz_src_ua_util
open62541,c++,fuzz_tcp_message
open62541,c++,fuzz_mdns_message
open62541,c++,fuzz_binary_message
open62541,c++,fuzz_json_decode_encode
open62541,c++,fuzz_base64_encode
open62541,c++,fuzz_mdns_xht
open62541,c++,fuzz_base64_decode
opendnp3,c++,fuzzdecoder
opendnp3,c++,fuzzmaster
opendnp3,c++,fuzzoutstation
openjpeg,c++,opj_decompress_fuzzer_JP2
openjpeg,c++,opj_decompress_fuzzer_J2K
opennavsurf-bag,c++,bag_extended_fuzzer
opennavsurf-bag,c++,bag_read_fuzzer
opensc,c++,fuzz_card
opensc,c++,fuzz_pkcs15_encode
opensc,c++,fuzz_pkcs15_reader
opensc,c++,fuzz_asn1_print
opensc,c++,fuzz_pkcs15_tool
opensc,c++,fuzz_pkcs15init
opensc,c++,fuzz_pkcs11
opensc,c++,fuzz_pkcs15_crypt
opensc,c++,fuzz_piv_tool
opensc,c++,fuzz_scconf_parse_string
opensc,c++,fuzz_asn1_sig_value
opensc,c++,fuzz_pkcs15_decode
openssh,c++,kex_fuzz
openssh,c++,privkey_fuzz
openssh,c++,authopt_fuzz
openssh,c++,sshsigopt_fuzz
openssh,c++,sig_fuzz
openssh,c++,agent_fuzz
openssh,c++,pubkey_fuzz
openssh,c++,sshsig_fuzz
openssl,c++,smime
openssl,c++,bignum
openssl,c++,asn1_32
openssl,c++,x509_32
openssl,c++,cmp
openssl,c++,client_31
openssl,c++,x509_30
openssl,c++,asn1parse_32
openssl,c++,ct_32
openssl,c++,asn1parse
openssl,c++,cmp_31
openssl,c++,ct_30
openssl,c++,cmp_32
openssl,c++,conf
openssl,c++,smime_32
openssl,c++,pem_32
openssl,c++,server_31
openssl,c++,punycode_31
openssl,c++,conf_32
openssl,c++,v3name
openssl,c++,crl_31
openssl,c++,pem
openssl,c++,conf_30
openssl,c++,client
openssl,c++,bndiv_31
openssl,c++,asn1_30
openssl,c++,client_32
openssl,c++,asn1parse_30
openssl,c++,cms_30
openssl,c++,server
openssl,c++,cms
openssl,c++,asn1
openssl,c++,quic-srtm
openssl,c++,dtlsclient
openssl,c++,bignum_32
openssl,c++,x509
openssl,c++,bignum_30
openssl,c++,x509_31
openssl,c++,crl_30
openssl,c++,cms_31
openssl,c++,quic-lcidm
openssl,c++,crl_32
openssl,c++,client_30
openssl,c++,quic-client_32
openssl,c++,provider
openssl,c++,server_32
openssl,c++,asn1_31
openssl,c++,hashtable
openssl,c++,punycode_32
openssl,c++,quic-client
openssl,c++,bndiv_30
openssl,c++,bndiv
openssl,c++,decoder_32
openssl,c++,bndiv_32
openssl,c++,punycode
openssl,c++,dtlsserver
openssl,c++,server_30
openssl,c++,acert
openssl,c++,cmp_30
openssl,c++,crl
openssl,c++,bignum_31
openssl,c++,ct
openssl,c++,ct_31
openssl,c++,quic-rcidm
openssl,c++,conf_31
openssl,c++,decoder
openssl,c++,cms_32
openssl,c++,v3name_32
openssl,c++,asn1parse_31
openvswitch,c++,ofctl_parse_target
openvswitch,c++,json_parser_target
openvswitch,c++,odp_target
openvswitch,c++,miniflow_target
openvswitch,c++,ofp_print_target
openvswitch,c++,flow_extract_target
openweave,c++,FuzzPASEInitiatorStep2
openweave,c++,FuzzPASEResponderStep2
openweave,c++,FuzzPASEResponderStep1
openweave,c++,FuzzPASEKeyConfirm
openweave,c++,FuzzPASEInitiatorStep1
openweave,c++,FuzzCertificateConversion
opus,c++,opus_multistream_decode_fuzzer_floating
opus,c++,opus_projection_decoder_fuzzer_fixed
opus,c++,opus_projection_encoder_fuzzer_fixed
opus,c++,opus_repacketizer_fuzzer_fixed
opus,c++,opus_encode_fuzzer_floating
opus,c++,opus_multistream_decode_fuzzer_fixed
opus,c++,opus_multistream_encode_fuzzer_fixed
opus,c++,opus_encode_fuzzer_fixed
opus,c++,opus_multistream_encode_fuzzer_floating
opus,c++,opus_projection_decoder_fuzzer_floating
opus,c++,opus_projection_encoder_fuzzer_floating
opus,c++,opus_repacketizer_fuzzer_floating
p11-kit,c,rpc_fuzzer
pcapplusplus,c++,FuzzWriterNg
pcapplusplus,c++,FuzzTargetSnoop
pcapplusplus,c++,FuzzTarget
pcapplusplus,c++,FuzzWriter
pcapplusplus,c++,FuzzTargetNg
pcl,c++,ply_reader_fuzzer
pffft,c++,pffft_real_fuzzer
pffft,c++,pffft_complex_fuzzer
php,c++,php-fuzz-execute
php,c++,php-fuzz-exif
php,c++,php-fuzz-parser
php,c++,php-fuzz-unserializehash
php,c++,php-fuzz-unserialize
php,c++,php-fuzz-tracing-jit
php,c++,php-fuzz-function-jit
php,c++,php-fuzz-json
picotls,c++,fuzz-client-hello
picotls,c++,fuzz-server-hello
pjsip,c,fuzz-xml
pjsip,c,fuzz-sip
pjsip,c,fuzz-crypto
pjsip,c,fuzz-dns
pjsip,c,fuzz-rtcp
pjsip,c,fuzz-vpx
pjsip,c,fuzz-json
pjsip,c,fuzz-url
pjsip,c,fuzz-uri
pjsip,c,fuzz-http
pjsip,c,fuzz-stun
pjsip,c,fuzz-sdp
pjsip,c,fuzz-h264
poppler,c++,util_fuzzer
poppler,c++,doc_attr_fuzzer
poppler,c++,qt_label_fuzzer
poppler,c++,qt_pdf_fuzzer
poppler,c++,qt_annot_fuzzer
poppler,c++,page_label_fuzzer
poppler,c++,pdf_draw_fuzzer
poppler,c++,qt_search_fuzzer
poppler,c++,label_fuzzer
poppler,c++,pdf_file_fuzzer
poppler,c++,find_text_fuzzer
poppler,c++,qt_textbox_fuzzer
poppler,c++,doc_fuzzer
poppler,c++,pdf_fuzzer
poppler,c++,annot_fuzzer
poppler,c++,page_search_fuzzer
powerdns,c++,fuzz_target_yahttp
powerdns,c++,fuzz_target_proxyprotocol
powerdns,c++,fuzz_target_dnsdistcache
powerdns,c++,fuzz_target_zoneparsertng
powerdns,c++,fuzz_target_packetcache
powerdns,c++,fuzz_target_dnslabeltext_parseRFC1035CharString
powerdns,c++,fuzz_target_moadnsparser
pugixml,c++,fuzz_parse
pugixml,c++,fuzz_xpath
pupnp,c,FuzzIxml
python3-libraries,c,fuzzer-decode
python3-libraries,c,fuzzer-ast
python3-libraries,c,fuzzer-difflib
python3-libraries,c,fuzzer-json
python3-libraries,c,fuzzer-httpclient
python3-libraries,c,fuzzer-csv
python3-libraries,c,fuzzer-email
python3-libraries,c,fuzzer-html
qpdf,c++,dct_fuzzer
qpdf,c++,future_hex_fuzzer
qpdf,c++,tiffpredictor_fuzzer
qpdf,c++,ascii85_fuzzer
qpdf,c++,json_fuzzer
qpdf,c++,qpdf_fuzzer
qpdf,c++,flate_fuzzer
qpdf,c++,runlength_fuzzer
qpdf,c++,future_tiffpredictor_fuzzer
qpdf,c++,future_pngpredictor_fuzzer
qpdf,c++,future_qpdf_fuzzer
qpdf,c++,future_flate_fuzzer
qpdf,c++,future_dct_fuzzer
qpdf,c++,pngpredictor_fuzzer
qpdf,c++,lzw_fuzzer
qpdf,c++,future_lzw_fuzzer
qpdf,c++,future_runlength_fuzzer
qpdf,c++,hex_fuzzer
qpdf,c++,future_json_fuzzer
qpdf,c++,future_ascii85_fuzzer
qpid-proton,c++,fuzz-connection-driver
qpid-proton,c++,fuzz-message-decode
qt,c++,qtsvg_svg_qsvgrenderer_render
qt,c++,qtbase_corelib_serialization_qtextstream_extractionoperator-float
qt,c++,qtbase_corelib_serialization_qcborvalue_fromcbor
qt,c++,qtbase_corelib_time_qdatetime_fromstring
qt,c++,qtbase_gui_text_qtextdocument_sethtml
qt,c++,qtbase_corelib_serialization_qcborstreamreader_next
qt,c++,qtbase_corelib_serialization_qjsondocument_fromjson
qt,c++,qtbase_gui_text_qtextlayout_beginlayout
qt,c++,qtbase_network_ssl_qsslcertificate_qsslcertificate_pem
qt,c++,qtbase_gui_painting_qcolorspace_fromiccprofile
qt,c++,qtbase_gui_text_qtextdocument_setmarkdown
qt,c++,qtbase_corelib_text_qregularexpression_optimize
qt,c++,qtbase_corelib_serialization_qxmlstream_qxmlstreamreader_readnext
qt,c++,qtbase_gui_image_qimage_loadfromdata
qt,c++,qtbase_corelib_tools_qcryptographichash_result
qubes-os,c++,qubesrpc_parse_fuzzer
qubes-os,c++,qrexec_remote_fuzzer
qubes-os,c++,qrexec_daemon_fuzzer
qubes-os,c++,db-daemon_fuzzer
qubes-os,c++,input-proxy-receiver_fuzzer
quickjs,c,fuzz_regexp
quickjs,c,fuzz_compile
quickjs,c,fuzz_eval
rabbitmq-c,c,fuzz_server
rabbitmq-c,c,fuzz_table
rabbitmq-c,c,fuzz_url
rapidjson,c++,fuzzer
readstat,c++,fuzz_format_sas7bcat
readstat,c++,fuzz_format_sav
readstat,c++,fuzz_format_stata_dictionary
readstat,c++,fuzz_format_xport
readstat,c++,fuzz_format_spss_commands
readstat,c++,fuzz_compression_sav
readstat,c++,fuzz_grammar_spss_format
readstat,c++,fuzz_format_sas_commands
readstat,c++,fuzz_format_por
readstat,c++,fuzz_format_dta
readstat,c++,fuzz_format_sas7bdat
rnp,c++,fuzz_dump
rnp,c++,fuzz_sigimport
rnp,c++,fuzz_keyimport
rnp,c++,fuzz_verify
rnp,c++,fuzz_verify_detached
rnp,c++,fuzz_keyring_g10
rnp,c++,fuzz_keyring
rnp,c++,fuzz_keyring_kbx
s2opc,c++,sub_fuzzer
s2opc,c++,decode_fuzzer
s2opc,c++,parse_tcp_uri_fuzzer
s2opc,c++,server_request_fuzzer
selinux,c,binpolicy-fuzzer
selinux,c,checkpolicy-fuzzer
selinux,c,secilc-fuzzer
simdjson,c++,fuzz_dump_raw_tape
simdjson,c++,fuzz_dump
simdjson,c++,fuzz_parser
simdjson,c++,fuzz_ondemand
simdjson,c++,fuzz_minifyimpl
simdjson,c++,fuzz_print_json
simdjson,c++,fuzz_ndjson
simdjson,c++,fuzz_padded
simdjson,c++,fuzz_atpointer
simdjson,c++,fuzz_utf8
simdjson,c++,fuzz_implementations
simdjson,c++,fuzz_minify
simdjson,c++,fuzz_element
skcms,c++,iccprofile_transform
skcms,c++,iccprofile_info
skcms,c++,iccprofile_atf
sleuthkit,c++,sleuthkit_mmls_mac_fuzzer
sleuthkit,c++,sleuthkit_mmls_gpt_fuzzer
sleuthkit,c++,sleuthkit_fls_ext_fuzzer
sleuthkit,c++,sleuthkit_fls_iso9660_fuzzer
sleuthkit,c++,sleuthkit_mmls_dos_fuzzer
sleuthkit,c++,sleuthkit_fls_fat_fuzzer
sleuthkit,c++,sleuthkit_fls_apfs_fuzzer
sleuthkit,c++,sleuthkit_mmls_sun_fuzzer
sleuthkit,c++,sleuthkit_fls_hfs_fuzzer
sleuthkit,c++,sleuthkit_fls_ntfs_fuzzer
solidity,c++,yul_proto_ossfuzz
solidity,c++,solc_mutator_ossfuzz
solidity,c++,yul_proto_diff_ossfuzz
solidity,c++,strictasm_opt_ossfuzz
solidity,c++,solc_ossfuzz
solidity,c++,stack_reuse_codegen_ossfuzz
solidity,c++,sol_proto_ossfuzz
solidity,c++,strictasm_assembly_ossfuzz
solidity,c++,strictasm_diff_ossfuzz
solidity,c++,abiv2_proto_ossfuzz
solidity,c++,yul_proto_diff_custom_mutate_ossfuzz
solidity,c++,abiv2_isabelle_ossfuzz
solidity,c++,const_opt_ossfuzz
spdlog,c++,format_fuzzer
spdlog,c++,levels_fuzzer
spdlog,c++,log_fuzzer
spdlog,c++,backtrace_fuzzer
spdlog,c++,pattern_fuzzer
speex,c++,speex_decode_fuzzer_fixed
speex,c++,speex_decode_fuzzer_float
spirv-tools,c++,spvtools_dis_fuzzer
spirv-tools,c++,spvtools_opt_legalization_fuzzer
spirv-tools,c++,spvtools_binary_parser_fuzzer
spirv-tools,c++,spvtools_as_fuzzer
spirv-tools,c++,spvtools_val_fuzzer
spirv-tools,c++,spvtools_opt_size_fuzzer
spirv-tools,c++,spvtools_opt_performance_fuzzer
sqlite3,c++,ossfuzz
stb,c++,stbi_read_fuzzer
stb,c++,stb_png_read_fuzzer
strongswan,c++,fuzz_pb_tnc
strongswan,c++,fuzz_certs
strongswan,c++,fuzz_ocsp_req
strongswan,c++,fuzz_ids
strongswan,c++,fuzz_crls
strongswan,c++,fuzz_pa_tnc
strongswan,c++,fuzz_ocsp_rsp
sudoers,c,fuzz_iolog_legacy
sudoers,c,fuzz_iolog_json
sudoers,c,fuzz_policy
sudoers,c,fuzz_sudo_conf
sudoers,c,fuzz_sudoers_ldif
sudoers,c,fuzz_iolog_timing
sudoers,c,fuzz_logsrvd_conf
sudoers,c,fuzz_sudoers
tarantool,c,uri_fuzzer
tarantool,c,xrow_decode_dml_fuzzer
tarantool,c,xrow_decode_sql_fuzzer
tarantool,c,datetime_parse_full_fuzzer
tarantool,c,xrow_decode_watch_fuzzer
tarantool,c,mp_datetime_fuzzer
tarantool,c,xrow_decode_id_fuzzer
tarantool,c,decimal_to_int64_fuzzer
tarantool,c,xrow_decode_error_fuzzer
tarantool,c,http_parser_fuzzer
tarantool,c,swim_proto_member_fuzzer
tarantool,c,xrow_greeting_decode_fuzzer
tarantool,c,xrow_decode_begin_fuzzer
tarantool,c,csv_fuzzer
tarantool,c,xrow_decode_auth_fuzzer
tarantool,c,datetime_strptime_fuzzer
tarantool,c,xrow_header_decode_fuzzer
tarantool,c,xrow_decode_call_fuzzer
tarantool,c,xrow_decode_raft_fuzzer
tarantool,c,luaL_loadbuffer_fuzzer
tarantool,c,sql_fuzzer
tarantool,c,swim_proto_meta_fuzzer
tinyusb,c++,msc
tinyusb,c++,cdc
tinyusb,c++,net
tmux,c,input-fuzzer
tomlplusplus,c++,toml_fuzzer
tor,c++,oss-fuzz-consensus
tor,c++,oss-fuzz-hsdescv3-inner
tor,c++,oss-fuzz-http
tor,c++,oss-fuzz-socks
tor,c++,oss-fuzz-descriptor
tor,c++,oss-fuzz-diff
tor,c++,oss-fuzz-addressPTR
tor,c++,oss-fuzz-strops
tor,c++,oss-fuzz-hsdescv3-middle
tor,c++,oss-fuzz-http-connect
tor,c++,oss-fuzz-microdesc
tor,c++,oss-fuzz-hsdescv3
tor,c++,oss-fuzz-extrainfo
tor,c++,oss-fuzz-vrs
tor,c++,oss-fuzz-diff-apply
tor,c++,oss-fuzz-address
trafficserver,c++,fuzz_http3frame
trafficserver,c++,fuzz_proxy_protocol
trafficserver,c++,fuzz_yamlcpp
trafficserver,c++,fuzz_rec_http
trafficserver,c++,fuzz_http
trafficserver,c++,fuzz_hpack
trafficserver,c++,fuzz_json
unbound,c,parse_packet_fuzzer
unbound,c,fuzz_3_fuzzer
unbound,c,fuzz_1_fuzzer
unbound,c,fuzz_4_fuzzer
unbound,c,fuzz_2_fuzzer
unit,c,fuzz_basic
unit,c,fuzz_http_h1p_peer
unit,c,fuzz_http_h1p
unit,c,fuzz_http_controller
unit,c,fuzz_json
usbguard,c++,fuzzer-rules
usbguard,c++,fuzzer-uevent
usbguard,c++,fuzzer-usb-descriptor
usrsctp,c++,fuzzer_listen
usrsctp,c++,fuzzer_fragment
usrsctp,c++,fuzzer_connect
utf8proc,c,utf8proc_fuzzer
util-linux,c,test_last_fuzz
util-linux,c,test_fdisk_script_fuzz
util-linux,c,test_mount_fuzz
util-linux,c,test_blkid_fuzz
valijson,c++,fuzzer
vorbis,c++,decode_fuzzer
wasmedge,c++,wasmedge-fuzzpo
wasmedge,c++,wasmedge-fuzztool
wavpack,c++,fuzzer
wget,c++,wget_read_hunk_fuzzer
wget,c++,wget_ntlm_fuzzer
wget,c++,wget_ftpls_fuzzer
wget,c++,wget_options_fuzzer
wget,c++,wget_robots_fuzzer
wget,c++,wget_url_fuzzer
wget,c++,wget_css_fuzzer
wget,c++,wget_netrc_fuzzer
wget,c++,wget_html_fuzzer
wget,c++,wget_progress_fuzzer
wget,c++,wget_cookie_fuzzer
wget2,c++,libwget_metalink_parse_fuzzer
wget2,c++,libwget_atom_url_fuzzer
wget2,c++,libwget_html_url_fuzzer
wget2,c++,libwget_css_url_fuzzer
wget2,c++,libwget_ocsp_fuzzer
wget2,c++,wget_options_fuzzer
wget2,c++,libwget_utils_fuzzer
wget2,c++,libwget_sitemap_url_fuzzer
wget2,c++,libwget_xml_parse_buffer_fuzzer
wget2,c++,libwget_http_client_fuzzer
wget2,c++,libwget_base64_fuzzer
wget2,c++,libwget_cookie_fuzzer
wget2,c++,libwget_iri_fuzzer
wget2,c++,libwget_robots_parse_fuzzer
wget2,c++,libwget_netrc_fuzzer
wget2,c++,libwget_tlssess_fuzzer
wget2,c++,libwget_hpkp_fuzzer
wget2,c++,libwget_hsts_fuzzer
wget2,c++,libwget_http_parse_fuzzer
wget2,c++,libwget_bar_fuzzer
wireshark,c++,fuzzshark_ip_proto-udp
wireshark,c++,fuzzshark_media_type-json
wireshark,c++,fuzzshark_udp_port-dhcp
wireshark,c++,fuzzshark_ip_proto-ospf
wireshark,c++,fuzzshark_tcp_port-bgp
wireshark,c++,fuzzshark_ip
wireshark,c++,fuzzshark_udp_port-dns
woff2,c++,convert_woff2ttf_fuzzer_new_entry
woff2,c++,convert_woff2ttf_fuzzer
wolfssl,c++,cryptofuzz-normal-math
wolfssl,c++,fuzzer-wolfssl-server
wolfssl,c++,fuzzer-wolfssh-client
wolfssl,c++,cryptofuzz-heapmath
wolfssl,c++,fuzzer-wolfssh-server
wolfssl,c++,pem_cert
wolfssl,c++,fuzzer-wolfssl-crl
wolfssl,c++,fuzzer-wolfssl-ocsp
wolfssl,c++,cryptofuzz-sp-math-all
wolfssl,c++,cryptofuzz-sp-math
wolfssl,c++,fuzzer-wolfssl-srp
wolfssl,c++,fuzzer-wolfssl-client
wolfssl,c++,fuzzer-wolfssl-server-randomize
wolfssl,c++,fuzzer-wolfssl-x509
wolfssl,c++,fuzzer-wolfssl-client-randomize
wolfssl,c++,cryptofuzz-openssl-api
wolfssl,c++,cryptofuzz-sp-math-all-8bit
wolfssl,c++,fuzzer-wolfssh-client-randomize
wolfssl,c++,fuzzer-wolfssl-rsa
wolfssl,c++,cryptofuzz-fastmath
wolfssl,c++,fuzzer-wolfssh-server-randomize
wolfssl,c++,fuzzer-wolfssl-misc
wpantund,c++,wpantund-fuzz
wt,c++,fuzz-xml
wt,c++,fuzz-eval
wt,c++,fuzz-json
wt,c++,fuzz-css
wt,c++,fuzz-uri
wuffs,c++,xz_fuzzer
wuffs,c++,png_fuzzer
wuffs,c++,json_fuzzer
wuffs,c++,pixel_swizzler_fuzzer
wuffs,c++,tga_fuzzer
wuffs,c++,zlib_fuzzer
wuffs,c++,cbor_fuzzer
wuffs,c++,gif_fuzzer
wuffs,c++,bzip2_fuzzer
wuffs,c++,jpeg_fuzzer
wuffs,c++,bmp_fuzzer
wxwidgets,c++,zip
xs,c,xst
xs,c,xst_jsonparse
xz,c++,fuzz_decode_alone
xz,c++,fuzz_encode_stream
xz,c++,fuzz_decode_stream
yajl-ruby,c++,json_fuzzer
yara,c++,macho_fuzzer
yara,c++,pe_fuzzer
yara,c++,dex_fuzzer
yara,c++,elf_fuzzer
yara,c++,rules_fuzzer
yara,c++,dotnet_fuzzer
zeek,c++,zeek-nfs-fuzzer
zeek,c++,zeek-pop3-fuzzer
zeek,c++,zeek-portmapper-fuzzer
zeek,c++,zeek-ssl-fuzzer
zeek,c++,zeek-modbus-fuzzer
zeek,c++,zeek-syslog-fuzzer
zeek,c++,zeek-websocket-fuzzer
zeek,c++,zeek-imap-fuzzer
zeek,c++,zeek-mount-fuzzer
zeek,c++,zeek-packet-fuzzer
zeek,c++,zeek-rfb-fuzzer
zeek,c++,zeek-snmp-fuzzer
zeek,c++,zeek-irc-fuzzer
zeek,c++,zeek-ntp-fuzzer
zeek,c++,zeek-sip-fuzzer
zeek,c++,zeek-rdpeudp-fuzzer
zeek,c++,zeek-ftp-fuzzer
zeek,c++,zeek-dce_rpc-fuzzer
zeek,c++,zeek-dnp3_tcp-fuzzer
zeek,c++,zeek-dhcp-fuzzer
zeek,c++,zeek-dns-fuzzer
zeek,c++,zeek-rdp-fuzzer
zeek,c++,zeek-ncp-fuzzer
zeek,c++,zeek-ssh-fuzzer
zeek,c++,zeek-smtp-fuzzer
zeek,c++,zeek-radius-fuzzer
zeek,c++,zeek-mysql-fuzzer
zeek,c++,zeek-dtls-fuzzer
zeek,c++,zeek-http-fuzzer
zeek,c++,zeek-smb-fuzzer
zeek,c++,zeek-mqtt-fuzzer
zlib,c++,example_small_fuzzer
zlib,c++,zlib_uncompress2_fuzzer
zlib,c++,example_large_fuzzer
zlib,c++,checksum_fuzzer
zlib,c++,example_flush_fuzzer
zlib,c++,zlib_uncompress_fuzzer
zlib,c++,compress_fuzzer
zlib,c++,minigzip_fuzzer
zlib,c++,example_dict_fuzzer
zlib-ng,c++,fuzzer_minigzip
zlib-ng,c++,fuzzer_example_large
zlib-ng,c++,fuzzer_checksum
zlib-ng,c++,fuzzer_example_dict
zlib-ng,c++,fuzzer_example_flush
zlib-ng,c++,fuzzer_compress
zlib-ng,c++,fuzzer_example_small
zstd,c++,stream_decompress
zstd,c++,seekable_roundtrip
zstd,c++,stream_round_trip
zstd,c++,simple_decompress
zstd,c++,decompress_dstSize_tooSmall
zstd,c++,decompress_cross_format
zstd,c++,zstd_frame_info
zstd,c++,block_decompress
zstd,c++,fse_read_ncount
zstd,c++,block_round_trip
zstd,c++,huf_round_trip
zstd,c++,dictionary_decompress
zstd,c++,dictionary_loader
zstd,c++,raw_dictionary_round_trip
zstd,c++,dictionary_round_trip
zstd,c++,dictionary_stream_round_trip
zstd,c++,simple_compress
zstd,c++,sequence_compression_api
zstd,c++,huf_decompress
zstd,c++,simple_round_trip
zstd,c++,generate_sequences